Copyright 1986-2022 Xilinx, Inc. All Rights Reserved. Copyright 2022-2025 Advanced Micro Devices, Inc. All Rights Reserved.
----------------------------------------------------------------------------------------------------------------------------------------------------------------------------------------------------
| Tool Version      : Vivado v.2025.2 (win64) Build 6299465 Fri Nov 14 19:35:11 GMT 2025
| Date              : Sun Mar 22 14:05:59 2026
| Host              : Mercury running 64-bit major release  (build 9200)
| Command           : report_timing_summary -max_paths 10 -report_unconstrained -file route_report_timing_summary_0.rpt -pb route_report_timing_summary_0.pb -rpx route_report_timing_summary_0.rpx
| Design            : led
| Device            : xcve2302-sfva784
| Speed File        : -1LP  PRODUCTION 2.04 2025-08-19
| Design State      : Routed
| Temperature Grade : E
----------------------------------------------------------------------------------------------------------------------------------------------------------------------------------------------------

Timing Summary Report

------------------------------------------------------------------------------------------------
| Timer Settings
| --------------
------------------------------------------------------------------------------------------------

  Enable Multi Corner Analysis               :  Yes
  Enable Pessimism Removal                   :  Yes
  Pessimism Removal Resolution               :  Nearest Common Node
  Enable Input Delay Default Clock           :  No
  Enable Preset / Clear Arcs                 :  No
  Disable Flight Delays                      :  No
  Ignore I/O Paths                           :  No
  Timing Early Launch at Borrowing Latches   :  No
  Borrow Time for Max Delay Exceptions       :  Yes
  Merge Timing Exceptions                    :  Yes
  Inter-SLR Compensation                     :  Conservative

  Corner  Analyze    Analyze    
  Name    Max Paths  Min Paths  
  ------  ---------  ---------  
  Slow    Yes        Yes        
  Fast    Yes        Yes        


------------------------------------------------------------------------------------------------
| Report Methodology
| ------------------
------------------------------------------------------------------------------------------------

Rule       Severity  Description                                             Violations  
---------  --------  ------------------------------------------------------  ----------  
AVAL-344   Warning   Design_needs_USER_RAM_AVERAGE_ACTIVITY_set              1           
TIMING-18  Warning   Missing input or output delay                           2           
XDCC-1     Warning   Scoped Clock constraint overwritten with the same name  1           
XDCC-7     Warning   Scoped Clock constraint overwritten on the same source  1           

Note: This report is based on the most recent report_methodology run and may not be up-to-date. Run report_methodology on the current design for the latest report.



check_timing report

Table of Contents
-----------------
1. checking no_clock (0)
2. checking constant_clock (0)
3. checking pulse_width_clock (0)
4. checking unconstrained_internal_endpoints (0)
5. checking no_input_delay (1)
6. checking no_output_delay (1)
7. checking multiple_clock (0)
8. checking generated_clocks (0)
9. checking loops (0)
10. checking partial_input_delay (0)
11. checking partial_output_delay (0)
12. checking latch_loops (0)

1. checking no_clock (0)
------------------------
 There are 0 register/latch pins with no clock.


2. checking constant_clock (0)
------------------------------
 There are 0 register/latch pins with constant_clock.


3. checking pulse_width_clock (0)
---------------------------------
 There are 0 register/latch pins which need pulse_width check


4. checking unconstrained_internal_endpoints (0)
------------------------------------------------
 There are 0 pins that are not constrained for maximum delay.

 There are 0 pins that are not constrained for maximum delay due to constant clock.


5. checking no_input_delay (1)
------------------------------
 There is 1 input port with no input delay specified. (HIGH)

 There are 0 input ports with no input delay but user has a false path constraint.


6. checking no_output_delay (1)
-------------------------------
 There is 1 port with no output delay specified. (HIGH)

 There are 0 ports with no output delay but user has a false path constraint

 There are 0 ports with no output delay but with a timing clock defined on it or propagating through it


7. checking multiple_clock (0)
------------------------------
 There are 0 register/latch pins with multiple clocks.


8. checking generated_clocks (0)
--------------------------------
 There are 0 generated clocks that are not connected to a clock source.


9. checking loops (0)
---------------------
 There are 0 combinational loops in the design.


10. checking partial_input_delay (0)
------------------------------------
 There are 0 input ports with partial input delay specified.


11. checking partial_output_delay (0)
-------------------------------------
 There are 0 ports with partial output delay specified.


12. checking latch_loops (0)
----------------------------
 There are 0 combinational latch loops in the design through latch input



------------------------------------------------------------------------------------------------
| Design Timing Summary
| ---------------------
------------------------------------------------------------------------------------------------

    WNS(ns)      TNS(ns)  TNS Failing Endpoints  TNS Total Endpoints      WHS(ns)      THS(ns)  THS Failing Endpoints  THS Total Endpoints     WPWS(ns)     TPWS(ns)  TPWS Failing Endpoints  TPWS Total Endpoints  
    -------      -------  ---------------------  -------------------      -------      -------  ---------------------  -------------------     --------     --------  ----------------------  --------------------  
      5.463        0.000                      0                 2563        0.019        0.000                      0                 2563        0.000        0.000                       0                  1083  


All user specified timing constraints are met.


------------------------------------------------------------------------------------------------
| Clock Summary
| -------------
------------------------------------------------------------------------------------------------

Clock                      Waveform(ns)           Period(ns)      Frequency(MHz)
-----                      ------------           ----------      --------------
clk_pl_0                   {0.000 5.000}          10.000          100.000         
sys_clk_p                  {0.000 2.500}          5.000           200.000         
  bank1_clkout0            {0.000 0.625}          1.250           800.000         
    pll_clktoxphy[0]       {0.000 0.156}          0.312           3200.000        
    pll_clktoxphy[2]       {0.000 0.156}          0.312           3200.000        
  bank1_xpll0_fifo_rd_clk  {0.000 0.625}          1.250           800.000         
  mc_clk_xpll              {0.000 0.625}          1.250           800.000         
  pll_clk_xpll             {0.000 0.156}          0.312           3200.000        


------------------------------------------------------------------------------------------------
| Intra Clock Table
| -----------------
------------------------------------------------------------------------------------------------

Clock                          WNS(ns)      TNS(ns)  TNS Failing Endpoints  TNS Total Endpoints      WHS(ns)      THS(ns)  THS Failing Endpoints  THS Total Endpoints     WPWS(ns)     TPWS(ns)  TPWS Failing Endpoints  TPWS Total Endpoints  
-----                          -------      -------  ---------------------  -------------------      -------      -------  ---------------------  -------------------     --------     --------  ----------------------  --------------------  
clk_pl_0                         5.463        0.000                      0                 2563        0.019        0.000                      0                 2563        3.000        0.000                       0                  1032  
sys_clk_p                                                                                                                                                                    2.109        0.000                       0                     1  
  bank1_clkout0                                                                                                                                                              0.000        0.000                       0                     3  
    pll_clktoxphy[0]                                                                                                                                                         0.044        0.000                       0                    10  
    pll_clktoxphy[2]                                                                                                                                                         0.044        0.000                       0                     5  
  bank1_xpll0_fifo_rd_clk                                                                                                                                                    0.000        0.000                       0                    22  
  mc_clk_xpll                                                                                                                                                                0.000        0.000                       0                     1  
  pll_clk_xpll                                                                                                                                                               0.044        0.000                       0                     9  


------------------------------------------------------------------------------------------------
| Inter Clock Table
| -----------------
------------------------------------------------------------------------------------------------

From Clock    To Clock          WNS(ns)      TNS(ns)  TNS Failing Endpoints  TNS Total Endpoints      WHS(ns)      THS(ns)  THS Failing Endpoints  THS Total Endpoints  
----------    --------          -------      -------  ---------------------  -------------------      -------      -------  ---------------------  -------------------  


------------------------------------------------------------------------------------------------
| Other Path Groups Table
| -----------------------
------------------------------------------------------------------------------------------------

Path Group    From Clock    To Clock          WNS(ns)      TNS(ns)  TNS Failing Endpoints  TNS Total Endpoints      WHS(ns)      THS(ns)  THS Failing Endpoints  THS Total Endpoints  
----------    ----------    --------          -------      -------  ---------------------  -------------------      -------      -------  ---------------------  -------------------  


------------------------------------------------------------------------------------------------
| User Ignored Path Table
| -----------------------
------------------------------------------------------------------------------------------------

Path Group    From Clock    To Clock    
----------    ----------    --------    
(none)                      clk_pl_0      
(none)        clk_pl_0      clk_pl_0      


------------------------------------------------------------------------------------------------
| Unconstrained Path Table
| ------------------------
------------------------------------------------------------------------------------------------

Path Group               From Clock               To Clock               
----------               ----------               --------               
(none)                   clk_pl_0                                          
(none)                                            bank1_xpll0_fifo_rd_clk  


------------------------------------------------------------------------------------------------
| Timing Details
| --------------
------------------------------------------------------------------------------------------------


---------------------------------------------------------------------------------------------------
From Clock:  clk_pl_0
  To Clock:  clk_pl_0

Setup :            0  Failing Endpoints,  Worst Slack        5.463ns,  Total Violation        0.000ns
Hold  :            0  Failing Endpoints,  Worst Slack        0.019ns,  Total Violation        0.000ns
PW    :            0  Failing Endpoints,  Worst Slack        3.000ns,  Total Violation        0.000ns
---------------------------------------------------------------------------------------------------


Max Delay Paths
--------------------------------------------------------------------------------------
Slack (MET) :             5.463ns  (required time - arrival time)
  Source:                 ps_block/axi_smc/inst/s00_entry_pipeline/s00_mmu/inst/aw_reg_stall/m_vector_i_reg[1027]/C
                            (rising edge-triggered cell FDRE clocked by clk_pl_0  {rise@0.000ns fall@5.000ns period=10.000ns})
  Destination:            ps_block/axi_smc/inst/s00_entry_pipeline/s00_si_converter/inst/gen_axilite_conv.axilite_conv_inst/aw_addr_reg[2]_bret__1_bret__1/D
                            (rising edge-triggered cell FDRE clocked by clk_pl_0  {rise@0.000ns fall@5.000ns period=10.000ns})
  Path Group:             clk_pl_0
  Path Type:              Setup (Max at Slow Process Corner)
  Requirement:            10.000ns  (clk_pl_0 rise@10.000ns - clk_pl_0 rise@0.000ns)
  Data Path Delay:        4.257ns  (logic 1.508ns (35.423%)  route 2.749ns (64.577%))
  Logic Levels:           8  (LOOKAHEAD8=1 LUT4=2 LUT5=1 LUT6=2 LUTCY1=2)
  Clock Path Skew:        -0.168ns (DCD - SCD + CPR)
    Destination Clock Delay (DCD):    1.803ns = ( 11.803 - 10.000 ) 
    Source Clock Delay      (SCD):    2.125ns
    Clock Pessimism Removal (CPR):    0.154ns
  Clock Uncertainty:      0.110ns  (CJ)/2 + PE + PJ
    Clock Jitter             (CJ):    0.220ns
    Phase Error              (PE):    0.000ns
    Phase Jitter             (PJ):    0.000ns
  Clock Net Delay (Source):      1.984ns (routing 0.261ns, distribution 1.723ns)
  Clock Net Delay (Destination): 1.731ns (routing 0.238ns, distribution 1.493ns)

    Location             Delay type                Incr(ns)  Path(ns)    Netlist Resource(s)
  -------------------------------------------------------------------    -------------------
                         (clock clk_pl_0 rise edge)
                                                      0.000     0.000 r  
    PS9_X0Y0             PS9                          0.000     0.000 r  ps_block/versal_cips_0/U0/pspmc_0/U0/PS9_inst/PMCRCLKCLK[0]
                         net (fo=1, routed)           0.000     0.000    ps_block/versal_cips_0/U0/pspmc_0/U0/pmc_pl_ref_clk[0]
    BUFG_PS_X0Y6         BUFG_PS (Prop_BUFG_PS_I_O)
                                                      0.141     0.141 r  ps_block/versal_cips_0/U0/pspmc_0/U0/buffer_pl_clk_0.PL_CLK_0_BUFG/O
    X1Y1 (CLOCK_ROOT)    net (fo=1031, routed)        1.984     2.125    ps_block/axi_smc/inst/s00_entry_pipeline/s00_mmu/inst/aw_reg_stall/aclk
    SLICE_X48Y21         FDRE                                         r  ps_block/axi_smc/inst/s00_entry_pipeline/s00_mmu/inst/aw_reg_stall/m_vector_i_reg[1027]/C
  -------------------------------------------------------------------    -------------------
    SLICE_X48Y21         FDRE (Prop_EFF_SLICEL_C_Q)
                                                      0.126     2.251 r  ps_block/axi_smc/inst/s00_entry_pipeline/s00_mmu/inst/aw_reg_stall/m_vector_i_reg[1027]/Q
                         net (fo=33, routed)          0.567     2.818    ps_block/axi_smc/inst/s00_entry_pipeline/s00_si_converter/inst/gen_axilite_conv.axilite_conv_inst/s_axi_awsize[1]
    SLICE_X49Y20         LUT4 (Prop_G6LUT_SLICEM_I1_O)
                                                      0.214     3.032 f  ps_block/axi_smc/inst/s00_entry_pipeline/s00_si_converter/inst/gen_axilite_conv.axilite_conv_inst/aw_addr[3]_bret__3_i_2/O
                         net (fo=2, routed)           0.364     3.396    ps_block/axi_smc/inst/s00_entry_pipeline/s00_si_converter/inst/gen_axilite_conv.axilite_conv_inst/aw_addr[3]_bret__3_i_2_n_0
    SLICE_X49Y20         LUT4 (Prop_E6LUT_SLICEM_I1_O)
                                                      0.216     3.612 r  ps_block/axi_smc/inst/s00_entry_pipeline/s00_si_converter/inst/gen_axilite_conv.axilite_conv_inst/aw_addr[3]_bret__3_i_1/O
                         net (fo=4, routed)           0.370     3.983    ps_block/axi_smc/inst/s00_entry_pipeline/s00_si_converter/inst/gen_axilite_conv.axilite_conv_inst/aw_addr_reg[3]_bret__4_bret__5_i_6/I1
    SLICE_X51Y20         LUTCY1 (Prop_D5LUT_SLICEM_I1_PROP)
                                                      0.164     4.147 r  ps_block/axi_smc/inst/s00_entry_pipeline/s00_si_converter/inst/gen_axilite_conv.axilite_conv_inst/aw_addr_reg[3]_bret__4_bret__5_i_6/LUTCY1_INST/PROP
                         net (fo=1, routed)           0.000     4.147    ps_block/axi_smc/inst/s00_entry_pipeline/s00_si_converter/inst/gen_axilite_conv.axilite_conv_inst/aw_addr_reg[3]_bret__4_bret__5_i_6_n_3
    SLICE_X51Y20         LOOKAHEAD8 (Prop_LOOKAHEAD8_SLICEM_PROPD_COUTD)
                                                      0.199     4.346 r  ps_block/axi_smc/inst/s00_entry_pipeline/s00_si_converter/inst/gen_axilite_conv.axilite_conv_inst/aw_addr_reg[3]_bret__4_bret__3_i_5/COUTD
                         net (fo=2, routed)           0.014     4.360    ps_block/axi_smc/inst/s00_entry_pipeline/s00_si_converter/inst/gen_axilite_conv.axilite_conv_inst/aw_addr_reg[3]_bret__4_bret__5_i_5/I4
    SLICE_X51Y20         LUTCY1 (Prop_E5LUT_SLICEM_I4_O)
                                                      0.097     4.457 r  ps_block/axi_smc/inst/s00_entry_pipeline/s00_si_converter/inst/gen_axilite_conv.axilite_conv_inst/aw_addr_reg[3]_bret__4_bret__5_i_5/LUTCY1_INST/O
                         net (fo=4, routed)           0.449     4.905    ps_block/axi_smc/inst/s00_entry_pipeline/s00_si_converter/inst/gen_axilite_conv.axilite_conv_inst/wrap_awaddr_limit[4]
    SLICE_X50Y17         LUT5 (Prop_C6LUT_SLICEL_I1_O)
                                                      0.080     4.985 r  ps_block/axi_smc/inst/s00_entry_pipeline/s00_si_converter/inst/gen_axilite_conv.axilite_conv_inst/aw_addr[2]_bret__1_bret__1_i_10/O
                         net (fo=1, routed)           0.273     5.258    ps_block/axi_smc/inst/s00_entry_pipeline/s00_si_converter/inst/gen_axilite_conv.axilite_conv_inst/aw_addr[2]_bret__1_bret__1_i_10_n_0
    SLICE_X51Y17         LUT6 (Prop_B6LUT_SLICEM_I1_O)
                                                      0.208     5.466 r  ps_block/axi_smc/inst/s00_entry_pipeline/s00_si_converter/inst/gen_axilite_conv.axilite_conv_inst/aw_addr[2]_bret__1_bret__1_i_4/O
                         net (fo=1, routed)           0.313     5.779    ps_block/axi_smc/inst/s00_entry_pipeline/s00_si_converter/inst/gen_axilite_conv.axilite_conv_inst/aw_addr[2]_bret__1_bret__1_i_4_n_0
    SLICE_X51Y17         LUT6 (Prop_D6LUT_SLICEM_I2_O)
                                                      0.204     5.983 r  ps_block/axi_smc/inst/s00_entry_pipeline/s00_si_converter/inst/gen_axilite_conv.axilite_conv_inst/aw_addr[2]_bret__1_bret__1_i_1/O
                         net (fo=2, routed)           0.399     6.382    ps_block/axi_smc/inst/s00_entry_pipeline/s00_si_converter/inst/gen_axilite_conv.axilite_conv_inst/aw_addr[2]_bret__1_bret__1_i_1_n_0
    SLICE_X52Y19         FDRE                                         r  ps_block/axi_smc/inst/s00_entry_pipeline/s00_si_converter/inst/gen_axilite_conv.axilite_conv_inst/aw_addr_reg[2]_bret__1_bret__1/D
  -------------------------------------------------------------------    -------------------

                         (clock clk_pl_0 rise edge)
                                                     10.000    10.000 r  
    PS9_X0Y0             PS9                          0.000    10.000 r  ps_block/versal_cips_0/U0/pspmc_0/U0/PS9_inst/PMCRCLKCLK[0]
                         net (fo=1, routed)           0.000    10.000    ps_block/versal_cips_0/U0/pspmc_0/U0/pmc_pl_ref_clk[0]
    BUFG_PS_X0Y6         BUFG_PS (Prop_BUFG_PS_I_O)
                                                      0.072    10.072 r  ps_block/versal_cips_0/U0/pspmc_0/U0/buffer_pl_clk_0.PL_CLK_0_BUFG/O
    X1Y1 (CLOCK_ROOT)    net (fo=1031, routed)        1.731    11.803    ps_block/axi_smc/inst/s00_entry_pipeline/s00_si_converter/inst/gen_axilite_conv.axilite_conv_inst/aclk
    SLICE_X52Y19         FDRE                                         r  ps_block/axi_smc/inst/s00_entry_pipeline/s00_si_converter/inst/gen_axilite_conv.axilite_conv_inst/aw_addr_reg[2]_bret__1_bret__1/C
                         clock pessimism              0.154    11.957    
                         clock uncertainty           -0.110    11.847    
    SLICE_X52Y19         FDRE (Setup_DFF2_SLICEL_C_D)
                                                     -0.002    11.845    ps_block/axi_smc/inst/s00_entry_pipeline/s00_si_converter/inst/gen_axilite_conv.axilite_conv_inst/aw_addr_reg[2]_bret__1_bret__1
  -------------------------------------------------------------------
                         required time                         11.845    
                         arrival time                          -6.382    
  -------------------------------------------------------------------
                         slack                                  5.463    

Slack (MET) :             5.485ns  (required time - arrival time)
  Source:                 ps_block/axi_smc/inst/s00_entry_pipeline/s00_mmu/inst/aw_reg_stall/m_vector_i_reg[1027]/C
                            (rising edge-triggered cell FDRE clocked by clk_pl_0  {rise@0.000ns fall@5.000ns period=10.000ns})
  Destination:            ps_block/axi_smc/inst/s00_entry_pipeline/s00_si_converter/inst/gen_axilite_conv.axilite_conv_inst/w_pointer_reg[2]_bret__1/D
                            (rising edge-triggered cell FDSE clocked by clk_pl_0  {rise@0.000ns fall@5.000ns period=10.000ns})
  Path Group:             clk_pl_0
  Path Type:              Setup (Max at Slow Process Corner)
  Requirement:            10.000ns  (clk_pl_0 rise@10.000ns - clk_pl_0 rise@0.000ns)
  Data Path Delay:        4.235ns  (logic 1.550ns (36.602%)  route 2.685ns (63.398%))
  Logic Levels:           9  (LOOKAHEAD8=1 LUT3=1 LUT4=2 LUT5=1 LUT6=2 LUTCY1=2)
  Clock Path Skew:        -0.168ns (DCD - SCD + CPR)
    Destination Clock Delay (DCD):    1.803ns = ( 11.803 - 10.000 ) 
    Source Clock Delay      (SCD):    2.125ns
    Clock Pessimism Removal (CPR):    0.154ns
  Clock Uncertainty:      0.110ns  (CJ)/2 + PE + PJ
    Clock Jitter             (CJ):    0.220ns
    Phase Error              (PE):    0.000ns
    Phase Jitter             (PJ):    0.000ns
  Clock Net Delay (Source):      1.984ns (routing 0.261ns, distribution 1.723ns)
  Clock Net Delay (Destination): 1.731ns (routing 0.238ns, distribution 1.493ns)

    Location             Delay type                Incr(ns)  Path(ns)    Netlist Resource(s)
  -------------------------------------------------------------------    -------------------
                         (clock clk_pl_0 rise edge)
                                                      0.000     0.000 r  
    PS9_X0Y0             PS9                          0.000     0.000 r  ps_block/versal_cips_0/U0/pspmc_0/U0/PS9_inst/PMCRCLKCLK[0]
                         net (fo=1, routed)           0.000     0.000    ps_block/versal_cips_0/U0/pspmc_0/U0/pmc_pl_ref_clk[0]
    BUFG_PS_X0Y6         BUFG_PS (Prop_BUFG_PS_I_O)
                                                      0.141     0.141 r  ps_block/versal_cips_0/U0/pspmc_0/U0/buffer_pl_clk_0.PL_CLK_0_BUFG/O
    X1Y1 (CLOCK_ROOT)    net (fo=1031, routed)        1.984     2.125    ps_block/axi_smc/inst/s00_entry_pipeline/s00_mmu/inst/aw_reg_stall/aclk
    SLICE_X48Y21         FDRE                                         r  ps_block/axi_smc/inst/s00_entry_pipeline/s00_mmu/inst/aw_reg_stall/m_vector_i_reg[1027]/C
  -------------------------------------------------------------------    -------------------
    SLICE_X48Y21         FDRE (Prop_EFF_SLICEL_C_Q)
                                                      0.126     2.251 r  ps_block/axi_smc/inst/s00_entry_pipeline/s00_mmu/inst/aw_reg_stall/m_vector_i_reg[1027]/Q
                         net (fo=33, routed)          0.567     2.818    ps_block/axi_smc/inst/s00_entry_pipeline/s00_si_converter/inst/gen_axilite_conv.axilite_conv_inst/s_axi_awsize[1]
    SLICE_X49Y20         LUT4 (Prop_G6LUT_SLICEM_I1_O)
                                                      0.214     3.032 f  ps_block/axi_smc/inst/s00_entry_pipeline/s00_si_converter/inst/gen_axilite_conv.axilite_conv_inst/aw_addr[3]_bret__3_i_2/O
                         net (fo=2, routed)           0.364     3.396    ps_block/axi_smc/inst/s00_entry_pipeline/s00_si_converter/inst/gen_axilite_conv.axilite_conv_inst/aw_addr[3]_bret__3_i_2_n_0
    SLICE_X49Y20         LUT4 (Prop_E6LUT_SLICEM_I1_O)
                                                      0.216     3.612 r  ps_block/axi_smc/inst/s00_entry_pipeline/s00_si_converter/inst/gen_axilite_conv.axilite_conv_inst/aw_addr[3]_bret__3_i_1/O
                         net (fo=4, routed)           0.370     3.983    ps_block/axi_smc/inst/s00_entry_pipeline/s00_si_converter/inst/gen_axilite_conv.axilite_conv_inst/aw_addr_reg[3]_bret__4_bret__5_i_6/I1
    SLICE_X51Y20         LUTCY1 (Prop_D5LUT_SLICEM_I1_PROP)
                                                      0.164     4.147 r  ps_block/axi_smc/inst/s00_entry_pipeline/s00_si_converter/inst/gen_axilite_conv.axilite_conv_inst/aw_addr_reg[3]_bret__4_bret__5_i_6/LUTCY1_INST/PROP
                         net (fo=1, routed)           0.000     4.147    ps_block/axi_smc/inst/s00_entry_pipeline/s00_si_converter/inst/gen_axilite_conv.axilite_conv_inst/aw_addr_reg[3]_bret__4_bret__5_i_6_n_3
    SLICE_X51Y20         LOOKAHEAD8 (Prop_LOOKAHEAD8_SLICEM_PROPD_COUTD)
                                                      0.199     4.346 r  ps_block/axi_smc/inst/s00_entry_pipeline/s00_si_converter/inst/gen_axilite_conv.axilite_conv_inst/aw_addr_reg[3]_bret__4_bret__3_i_5/COUTD
                         net (fo=2, routed)           0.014     4.360    ps_block/axi_smc/inst/s00_entry_pipeline/s00_si_converter/inst/gen_axilite_conv.axilite_conv_inst/aw_addr_reg[3]_bret__4_bret__5_i_5/I4
    SLICE_X51Y20         LUTCY1 (Prop_E5LUT_SLICEM_I4_O)
                                                      0.097     4.457 r  ps_block/axi_smc/inst/s00_entry_pipeline/s00_si_converter/inst/gen_axilite_conv.axilite_conv_inst/aw_addr_reg[3]_bret__4_bret__5_i_5/LUTCY1_INST/O
                         net (fo=4, routed)           0.449     4.905    ps_block/axi_smc/inst/s00_entry_pipeline/s00_si_converter/inst/gen_axilite_conv.axilite_conv_inst/wrap_awaddr_limit[4]
    SLICE_X50Y17         LUT5 (Prop_C6LUT_SLICEL_I1_O)
                                                      0.080     4.985 r  ps_block/axi_smc/inst/s00_entry_pipeline/s00_si_converter/inst/gen_axilite_conv.axilite_conv_inst/aw_addr[2]_bret__1_bret__1_i_10/O
                         net (fo=1, routed)           0.273     5.258    ps_block/axi_smc/inst/s00_entry_pipeline/s00_si_converter/inst/gen_axilite_conv.axilite_conv_inst/aw_addr[2]_bret__1_bret__1_i_10_n_0
    SLICE_X51Y17         LUT6 (Prop_B6LUT_SLICEM_I1_O)
                                                      0.208     5.466 r  ps_block/axi_smc/inst/s00_entry_pipeline/s00_si_converter/inst/gen_axilite_conv.axilite_conv_inst/aw_addr[2]_bret__1_bret__1_i_4/O
                         net (fo=1, routed)           0.313     5.779    ps_block/axi_smc/inst/s00_entry_pipeline/s00_si_converter/inst/gen_axilite_conv.axilite_conv_inst/aw_addr[2]_bret__1_bret__1_i_4_n_0
    SLICE_X51Y17         LUT6 (Prop_D6LUT_SLICEM_I2_O)
                                                      0.204     5.983 r  ps_block/axi_smc/inst/s00_entry_pipeline/s00_si_converter/inst/gen_axilite_conv.axilite_conv_inst/aw_addr[2]_bret__1_bret__1_i_1/O
                         net (fo=2, routed)           0.265     6.248    ps_block/axi_smc/inst/s00_entry_pipeline/s00_si_converter/inst/gen_axilite_conv.axilite_conv_inst/aw_addr[2]_bret__1_bret__1_i_1_n_0
    SLICE_X52Y19         LUT3 (Prop_F6LUT_SLICEL_I2_O)
                                                      0.042     6.290 r  ps_block/axi_smc/inst/s00_entry_pipeline/s00_si_converter/inst/gen_axilite_conv.axilite_conv_inst/w_pointer[2]_bret__1_i_1/O
                         net (fo=1, routed)           0.070     6.360    ps_block/axi_smc/inst/s00_entry_pipeline/s00_si_converter/inst/gen_axilite_conv.axilite_conv_inst/w_pointer[2]_bret__1_i_1_n_0
    SLICE_X52Y19         FDSE                                         r  ps_block/axi_smc/inst/s00_entry_pipeline/s00_si_converter/inst/gen_axilite_conv.axilite_conv_inst/w_pointer_reg[2]_bret__1/D
  -------------------------------------------------------------------    -------------------

                         (clock clk_pl_0 rise edge)
                                                     10.000    10.000 r  
    PS9_X0Y0             PS9                          0.000    10.000 r  ps_block/versal_cips_0/U0/pspmc_0/U0/PS9_inst/PMCRCLKCLK[0]
                         net (fo=1, routed)           0.000    10.000    ps_block/versal_cips_0/U0/pspmc_0/U0/pmc_pl_ref_clk[0]
    BUFG_PS_X0Y6         BUFG_PS (Prop_BUFG_PS_I_O)
                                                      0.072    10.072 r  ps_block/versal_cips_0/U0/pspmc_0/U0/buffer_pl_clk_0.PL_CLK_0_BUFG/O
    X1Y1 (CLOCK_ROOT)    net (fo=1031, routed)        1.731    11.803    ps_block/axi_smc/inst/s00_entry_pipeline/s00_si_converter/inst/gen_axilite_conv.axilite_conv_inst/aclk
    SLICE_X52Y19         FDSE                                         r  ps_block/axi_smc/inst/s00_entry_pipeline/s00_si_converter/inst/gen_axilite_conv.axilite_conv_inst/w_pointer_reg[2]_bret__1/C
                         clock pessimism              0.154    11.957    
                         clock uncertainty           -0.110    11.847    
    SLICE_X52Y19         FDSE (Setup_FFF2_SLICEL_C_D)
                                                     -0.002    11.845    ps_block/axi_smc/inst/s00_entry_pipeline/s00_si_converter/inst/gen_axilite_conv.axilite_conv_inst/w_pointer_reg[2]_bret__1
  -------------------------------------------------------------------
                         required time                         11.845    
                         arrival time                          -6.360    
  -------------------------------------------------------------------
                         slack                                  5.485    

Slack (MET) :             5.507ns  (required time - arrival time)
  Source:                 ps_block/axi_smc/inst/s00_entry_pipeline/s00_si_converter/inst/gen_axilite_conv.axilite_conv_inst/aw_addr_reg[3]_bret__4_bret__3/C
                            (rising edge-triggered cell FDRE clocked by clk_pl_0  {rise@0.000ns fall@5.000ns period=10.000ns})
  Destination:            ps_block/axi_smc/inst/s00_entry_pipeline/s00_si_converter/inst/gen_axilite_conv.axilite_conv_inst/aw_addr_reg[1]_bret__1/CE
                            (rising edge-triggered cell FDRE clocked by clk_pl_0  {rise@0.000ns fall@5.000ns period=10.000ns})
  Path Group:             clk_pl_0
  Path Type:              Setup (Max at Slow Process Corner)
  Requirement:            10.000ns  (clk_pl_0 rise@10.000ns - clk_pl_0 rise@0.000ns)
  Data Path Delay:        4.109ns  (logic 1.345ns (32.731%)  route 2.764ns (67.269%))
  Logic Levels:           8  (LUT2=2 LUT3=1 LUT4=1 LUT5=1 LUT6=3)
  Clock Path Skew:        -0.168ns (DCD - SCD + CPR)
    Destination Clock Delay (DCD):    1.790ns = ( 11.790 - 10.000 ) 
    Source Clock Delay      (SCD):    2.111ns
    Clock Pessimism Removal (CPR):    0.154ns
  Clock Uncertainty:      0.110ns  (CJ)/2 + PE + PJ
    Clock Jitter             (CJ):    0.220ns
    Phase Error              (PE):    0.000ns
    Phase Jitter             (PJ):    0.000ns
  Clock Net Delay (Source):      1.970ns (routing 0.261ns, distribution 1.709ns)
  Clock Net Delay (Destination): 1.718ns (routing 0.238ns, distribution 1.480ns)

    Location             Delay type                Incr(ns)  Path(ns)    Netlist Resource(s)
  -------------------------------------------------------------------    -------------------
                         (clock clk_pl_0 rise edge)
                                                      0.000     0.000 r  
    PS9_X0Y0             PS9                          0.000     0.000 r  ps_block/versal_cips_0/U0/pspmc_0/U0/PS9_inst/PMCRCLKCLK[0]
                         net (fo=1, routed)           0.000     0.000    ps_block/versal_cips_0/U0/pspmc_0/U0/pmc_pl_ref_clk[0]
    BUFG_PS_X0Y6         BUFG_PS (Prop_BUFG_PS_I_O)
                                                      0.141     0.141 r  ps_block/versal_cips_0/U0/pspmc_0/U0/buffer_pl_clk_0.PL_CLK_0_BUFG/O
    X1Y1 (CLOCK_ROOT)    net (fo=1031, routed)        1.970     2.111    ps_block/axi_smc/inst/s00_entry_pipeline/s00_si_converter/inst/gen_axilite_conv.axilite_conv_inst/aclk
    SLICE_X51Y19         FDRE                                         r  ps_block/axi_smc/inst/s00_entry_pipeline/s00_si_converter/inst/gen_axilite_conv.axilite_conv_inst/aw_addr_reg[3]_bret__4_bret__3/C
  -------------------------------------------------------------------    -------------------
    SLICE_X51Y19         FDRE (Prop_AFF_SLICEM_C_Q)
                                                      0.125     2.236 f  ps_block/axi_smc/inst/s00_entry_pipeline/s00_si_converter/inst/gen_axilite_conv.axilite_conv_inst/aw_addr_reg[3]_bret__4_bret__3/Q
                         net (fo=1, routed)           0.338     2.574    ps_block/axi_smc/inst/s00_entry_pipeline/s00_si_converter/inst/gen_axilite_conv.axilite_conv_inst/aw_addr_reg[3]_bret__4_bret__3_n_0
    SLICE_X51Y19         LUT6 (Prop_C6LUT_SLICEM_I5_O)
                                                      0.203     2.777 r  ps_block/axi_smc/inst/s00_entry_pipeline/s00_si_converter/inst/gen_axilite_conv.axilite_conv_inst/m_axi_awaddr[3]_INST_0_i_2/O
                         net (fo=2, routed)           0.190     2.967    ps_block/axi_smc/inst/s00_entry_pipeline/s00_si_converter/inst/gen_axilite_conv.axilite_conv_inst/m_axi_awaddr[3]_INST_0_i_2_n_0
    SLICE_X52Y19         LUT3 (Prop_D6LUT_SLICEL_I2_O)
                                                      0.181     3.148 r  ps_block/axi_smc/inst/s00_entry_pipeline/s00_si_converter/inst/gen_axilite_conv.axilite_conv_inst/aw_addr[3]_bret__4_bret__1_i_1/O
                         net (fo=2, routed)           0.189     3.337    ps_block/axi_smc/inst/s00_entry_pipeline/s00_si_converter/inst/gen_axilite_conv.axilite_conv_inst/aw_addr[3]_bret__4_bret__1_i_1_n_0
    SLICE_X52Y20         LUT6 (Prop_F6LUT_SLICEL_I1_O)
                                                      0.134     3.471 f  ps_block/axi_smc/inst/s00_entry_pipeline/s00_si_converter/inst/gen_axilite_conv.axilite_conv_inst/m_axi_wdata_i[31]_i_3/O
                         net (fo=38, routed)          0.202     3.673    ps_block/axi_smc/inst/s00_entry_pipeline/s00_si_converter/inst/gen_axilite_conv.axilite_conv_inst/w_pointer[3]
    SLICE_X53Y20         LUT4 (Prop_G6LUT_SLICEM_I1_O)
                                                      0.129     3.802 f  ps_block/axi_smc/inst/s00_entry_pipeline/s00_si_converter/inst/gen_axilite_conv.axilite_conv_inst/FSM_sequential_w_state[2]_i_4/O
                         net (fo=7, routed)           0.415     4.216    ps_block/axi_smc/inst/s00_entry_pipeline/s00_si_converter/inst/gen_axilite_conv.axilite_conv_inst/FSM_sequential_w_state[2]_i_4_n_0
    SLICE_X54Y22         LUT2 (Prop_H6LUT_SLICEL_I0_O)
                                                      0.114     4.330 f  ps_block/axi_smc/inst/s00_entry_pipeline/s00_si_converter/inst/gen_axilite_conv.axilite_conv_inst/aw_addr[3]_bret_i_5/O
                         net (fo=13, routed)          0.325     4.655    ps_block/axi_smc/inst/s00_entry_pipeline/s00_si_converter/inst/gen_axilite_conv.axilite_conv_inst/aw_addr[3]_bret_i_5_n_0
    SLICE_X55Y22         LUT2 (Prop_G6LUT_SLICEM_I1_O)
                                                      0.085     4.740 r  ps_block/axi_smc/inst/s00_entry_pipeline/s00_si_converter/inst/gen_axilite_conv.axilite_conv_inst/FSM_sequential_w_state[2]_i_7/O
                         net (fo=5, routed)           0.286     5.027    ps_block/axi_smc/inst/s00_entry_pipeline/s00_si_converter/inst/gen_axilite_conv.axilite_conv_inst/FSM_sequential_w_state[2]_i_7_n_0
    SLICE_X54Y23         LUT5 (Prop_G6LUT_SLICEL_I0_O)
                                                      0.192     5.219 f  ps_block/axi_smc/inst/s00_entry_pipeline/s00_si_converter/inst/gen_axilite_conv.axilite_conv_inst/aw_addr[3]_bret_i_4/O
                         net (fo=2, routed)           0.330     5.549    ps_block/axi_smc/inst/s00_entry_pipeline/s00_si_converter/inst/gen_axilite_conv.axilite_conv_inst/aw_addr[3]_bret_i_4_n_0
    SLICE_X57Y22         LUT6 (Prop_E6LUT_SLICEM_I5_O)
                                                      0.182     5.731 r  ps_block/axi_smc/inst/s00_entry_pipeline/s00_si_converter/inst/gen_axilite_conv.axilite_conv_inst/aw_addr[3]_bret_i_1/O
                         net (fo=41, routed)          0.490     6.221    ps_block/axi_smc/inst/s00_entry_pipeline/s00_si_converter/inst/gen_axilite_conv.axilite_conv_inst/aw_addr[3]_bret_i_1_n_0
    SLICE_X53Y19         FDRE                                         r  ps_block/axi_smc/inst/s00_entry_pipeline/s00_si_converter/inst/gen_axilite_conv.axilite_conv_inst/aw_addr_reg[1]_bret__1/CE
  -------------------------------------------------------------------    -------------------

                         (clock clk_pl_0 rise edge)
                                                     10.000    10.000 r  
    PS9_X0Y0             PS9                          0.000    10.000 r  ps_block/versal_cips_0/U0/pspmc_0/U0/PS9_inst/PMCRCLKCLK[0]
                         net (fo=1, routed)           0.000    10.000    ps_block/versal_cips_0/U0/pspmc_0/U0/pmc_pl_ref_clk[0]
    BUFG_PS_X0Y6         BUFG_PS (Prop_BUFG_PS_I_O)
                                                      0.072    10.072 r  ps_block/versal_cips_0/U0/pspmc_0/U0/buffer_pl_clk_0.PL_CLK_0_BUFG/O
    X1Y1 (CLOCK_ROOT)    net (fo=1031, routed)        1.718    11.790    ps_block/axi_smc/inst/s00_entry_pipeline/s00_si_converter/inst/gen_axilite_conv.axilite_conv_inst/aclk
    SLICE_X53Y19         FDRE                                         r  ps_block/axi_smc/inst/s00_entry_pipeline/s00_si_converter/inst/gen_axilite_conv.axilite_conv_inst/aw_addr_reg[1]_bret__1/C
                         clock pessimism              0.154    11.944    
                         clock uncertainty           -0.110    11.833    
    SLICE_X53Y19         FDRE (Setup_HFF_SLICEM_C_CE)
                                                     -0.106    11.727    ps_block/axi_smc/inst/s00_entry_pipeline/s00_si_converter/inst/gen_axilite_conv.axilite_conv_inst/aw_addr_reg[1]_bret__1
  -------------------------------------------------------------------
                         required time                         11.727    
                         arrival time                          -6.221    
  -------------------------------------------------------------------
                         slack                                  5.507    

Slack (MET) :             5.507ns  (required time - arrival time)
  Source:                 ps_block/axi_smc/inst/s00_entry_pipeline/s00_si_converter/inst/gen_axilite_conv.axilite_conv_inst/aw_addr_reg[3]_bret__4_bret__3/C
                            (rising edge-triggered cell FDRE clocked by clk_pl_0  {rise@0.000ns fall@5.000ns period=10.000ns})
  Destination:            ps_block/axi_smc/inst/s00_entry_pipeline/s00_si_converter/inst/gen_axilite_conv.axilite_conv_inst/aw_addr_reg[9]_bret__4/CE
                            (rising edge-triggered cell FDRE clocked by clk_pl_0  {rise@0.000ns fall@5.000ns period=10.000ns})
  Path Group:             clk_pl_0
  Path Type:              Setup (Max at Slow Process Corner)
  Requirement:            10.000ns  (clk_pl_0 rise@10.000ns - clk_pl_0 rise@0.000ns)
  Data Path Delay:        4.109ns  (logic 1.345ns (32.731%)  route 2.764ns (67.269%))
  Logic Levels:           8  (LUT2=2 LUT3=1 LUT4=1 LUT5=1 LUT6=3)
  Clock Path Skew:        -0.168ns (DCD - SCD + CPR)
    Destination Clock Delay (DCD):    1.790ns = ( 11.790 - 10.000 ) 
    Source Clock Delay      (SCD):    2.111ns
    Clock Pessimism Removal (CPR):    0.154ns
  Clock Uncertainty:      0.110ns  (CJ)/2 + PE + PJ
    Clock Jitter             (CJ):    0.220ns
    Phase Error              (PE):    0.000ns
    Phase Jitter             (PJ):    0.000ns
  Clock Net Delay (Source):      1.970ns (routing 0.261ns, distribution 1.709ns)
  Clock Net Delay (Destination): 1.718ns (routing 0.238ns, distribution 1.480ns)

    Location             Delay type                Incr(ns)  Path(ns)    Netlist Resource(s)
  -------------------------------------------------------------------    -------------------
                         (clock clk_pl_0 rise edge)
                                                      0.000     0.000 r  
    PS9_X0Y0             PS9                          0.000     0.000 r  ps_block/versal_cips_0/U0/pspmc_0/U0/PS9_inst/PMCRCLKCLK[0]
                         net (fo=1, routed)           0.000     0.000    ps_block/versal_cips_0/U0/pspmc_0/U0/pmc_pl_ref_clk[0]
    BUFG_PS_X0Y6         BUFG_PS (Prop_BUFG_PS_I_O)
                                                      0.141     0.141 r  ps_block/versal_cips_0/U0/pspmc_0/U0/buffer_pl_clk_0.PL_CLK_0_BUFG/O
    X1Y1 (CLOCK_ROOT)    net (fo=1031, routed)        1.970     2.111    ps_block/axi_smc/inst/s00_entry_pipeline/s00_si_converter/inst/gen_axilite_conv.axilite_conv_inst/aclk
    SLICE_X51Y19         FDRE                                         r  ps_block/axi_smc/inst/s00_entry_pipeline/s00_si_converter/inst/gen_axilite_conv.axilite_conv_inst/aw_addr_reg[3]_bret__4_bret__3/C
  -------------------------------------------------------------------    -------------------
    SLICE_X51Y19         FDRE (Prop_AFF_SLICEM_C_Q)
                                                      0.125     2.236 f  ps_block/axi_smc/inst/s00_entry_pipeline/s00_si_converter/inst/gen_axilite_conv.axilite_conv_inst/aw_addr_reg[3]_bret__4_bret__3/Q
                         net (fo=1, routed)           0.338     2.574    ps_block/axi_smc/inst/s00_entry_pipeline/s00_si_converter/inst/gen_axilite_conv.axilite_conv_inst/aw_addr_reg[3]_bret__4_bret__3_n_0
    SLICE_X51Y19         LUT6 (Prop_C6LUT_SLICEM_I5_O)
                                                      0.203     2.777 r  ps_block/axi_smc/inst/s00_entry_pipeline/s00_si_converter/inst/gen_axilite_conv.axilite_conv_inst/m_axi_awaddr[3]_INST_0_i_2/O
                         net (fo=2, routed)           0.190     2.967    ps_block/axi_smc/inst/s00_entry_pipeline/s00_si_converter/inst/gen_axilite_conv.axilite_conv_inst/m_axi_awaddr[3]_INST_0_i_2_n_0
    SLICE_X52Y19         LUT3 (Prop_D6LUT_SLICEL_I2_O)
                                                      0.181     3.148 r  ps_block/axi_smc/inst/s00_entry_pipeline/s00_si_converter/inst/gen_axilite_conv.axilite_conv_inst/aw_addr[3]_bret__4_bret__1_i_1/O
                         net (fo=2, routed)           0.189     3.337    ps_block/axi_smc/inst/s00_entry_pipeline/s00_si_converter/inst/gen_axilite_conv.axilite_conv_inst/aw_addr[3]_bret__4_bret__1_i_1_n_0
    SLICE_X52Y20         LUT6 (Prop_F6LUT_SLICEL_I1_O)
                                                      0.134     3.471 f  ps_block/axi_smc/inst/s00_entry_pipeline/s00_si_converter/inst/gen_axilite_conv.axilite_conv_inst/m_axi_wdata_i[31]_i_3/O
                         net (fo=38, routed)          0.202     3.673    ps_block/axi_smc/inst/s00_entry_pipeline/s00_si_converter/inst/gen_axilite_conv.axilite_conv_inst/w_pointer[3]
    SLICE_X53Y20         LUT4 (Prop_G6LUT_SLICEM_I1_O)
                                                      0.129     3.802 f  ps_block/axi_smc/inst/s00_entry_pipeline/s00_si_converter/inst/gen_axilite_conv.axilite_conv_inst/FSM_sequential_w_state[2]_i_4/O
                         net (fo=7, routed)           0.415     4.216    ps_block/axi_smc/inst/s00_entry_pipeline/s00_si_converter/inst/gen_axilite_conv.axilite_conv_inst/FSM_sequential_w_state[2]_i_4_n_0
    SLICE_X54Y22         LUT2 (Prop_H6LUT_SLICEL_I0_O)
                                                      0.114     4.330 f  ps_block/axi_smc/inst/s00_entry_pipeline/s00_si_converter/inst/gen_axilite_conv.axilite_conv_inst/aw_addr[3]_bret_i_5/O
                         net (fo=13, routed)          0.325     4.655    ps_block/axi_smc/inst/s00_entry_pipeline/s00_si_converter/inst/gen_axilite_conv.axilite_conv_inst/aw_addr[3]_bret_i_5_n_0
    SLICE_X55Y22         LUT2 (Prop_G6LUT_SLICEM_I1_O)
                                                      0.085     4.740 r  ps_block/axi_smc/inst/s00_entry_pipeline/s00_si_converter/inst/gen_axilite_conv.axilite_conv_inst/FSM_sequential_w_state[2]_i_7/O
                         net (fo=5, routed)           0.286     5.027    ps_block/axi_smc/inst/s00_entry_pipeline/s00_si_converter/inst/gen_axilite_conv.axilite_conv_inst/FSM_sequential_w_state[2]_i_7_n_0
    SLICE_X54Y23         LUT5 (Prop_G6LUT_SLICEL_I0_O)
                                                      0.192     5.219 f  ps_block/axi_smc/inst/s00_entry_pipeline/s00_si_converter/inst/gen_axilite_conv.axilite_conv_inst/aw_addr[3]_bret_i_4/O
                         net (fo=2, routed)           0.330     5.549    ps_block/axi_smc/inst/s00_entry_pipeline/s00_si_converter/inst/gen_axilite_conv.axilite_conv_inst/aw_addr[3]_bret_i_4_n_0
    SLICE_X57Y22         LUT6 (Prop_E6LUT_SLICEM_I5_O)
                                                      0.182     5.731 r  ps_block/axi_smc/inst/s00_entry_pipeline/s00_si_converter/inst/gen_axilite_conv.axilite_conv_inst/aw_addr[3]_bret_i_1/O
                         net (fo=41, routed)          0.490     6.221    ps_block/axi_smc/inst/s00_entry_pipeline/s00_si_converter/inst/gen_axilite_conv.axilite_conv_inst/aw_addr[3]_bret_i_1_n_0
    SLICE_X53Y19         FDRE                                         r  ps_block/axi_smc/inst/s00_entry_pipeline/s00_si_converter/inst/gen_axilite_conv.axilite_conv_inst/aw_addr_reg[9]_bret__4/CE
  -------------------------------------------------------------------    -------------------

                         (clock clk_pl_0 rise edge)
                                                     10.000    10.000 r  
    PS9_X0Y0             PS9                          0.000    10.000 r  ps_block/versal_cips_0/U0/pspmc_0/U0/PS9_inst/PMCRCLKCLK[0]
                         net (fo=1, routed)           0.000    10.000    ps_block/versal_cips_0/U0/pspmc_0/U0/pmc_pl_ref_clk[0]
    BUFG_PS_X0Y6         BUFG_PS (Prop_BUFG_PS_I_O)
                                                      0.072    10.072 r  ps_block/versal_cips_0/U0/pspmc_0/U0/buffer_pl_clk_0.PL_CLK_0_BUFG/O
    X1Y1 (CLOCK_ROOT)    net (fo=1031, routed)        1.718    11.790    ps_block/axi_smc/inst/s00_entry_pipeline/s00_si_converter/inst/gen_axilite_conv.axilite_conv_inst/aclk
    SLICE_X53Y19         FDRE                                         r  ps_block/axi_smc/inst/s00_entry_pipeline/s00_si_converter/inst/gen_axilite_conv.axilite_conv_inst/aw_addr_reg[9]_bret__4/C
                         clock pessimism              0.154    11.944    
                         clock uncertainty           -0.110    11.833    
    SLICE_X53Y19         FDRE (Setup_HFF2_SLICEM_C_CE)
                                                     -0.106    11.727    ps_block/axi_smc/inst/s00_entry_pipeline/s00_si_converter/inst/gen_axilite_conv.axilite_conv_inst/aw_addr_reg[9]_bret__4
  -------------------------------------------------------------------
                         required time                         11.727    
                         arrival time                          -6.221    
  -------------------------------------------------------------------
                         slack                                  5.507    

Slack (MET) :             5.518ns  (required time - arrival time)
  Source:                 ps_block/axi_smc/inst/s00_entry_pipeline/s00_si_converter/inst/gen_axilite_conv.axilite_conv_inst/aw_addr_reg[3]_bret__4_bret__3/C
                            (rising edge-triggered cell FDRE clocked by clk_pl_0  {rise@0.000ns fall@5.000ns period=10.000ns})
  Destination:            ps_block/axi_smc/inst/s00_entry_pipeline/s00_si_converter/inst/gen_axilite_conv.axilite_conv_inst/aw_addr_reg[0]_bret/CE
                            (rising edge-triggered cell FDRE clocked by clk_pl_0  {rise@0.000ns fall@5.000ns period=10.000ns})
  Path Group:             clk_pl_0
  Path Type:              Setup (Max at Slow Process Corner)
  Requirement:            10.000ns  (clk_pl_0 rise@10.000ns - clk_pl_0 rise@0.000ns)
  Data Path Delay:        4.100ns  (logic 1.345ns (32.804%)  route 2.755ns (67.196%))
  Logic Levels:           8  (LUT2=2 LUT3=1 LUT4=1 LUT5=1 LUT6=3)
  Clock Path Skew:        -0.168ns (DCD - SCD + CPR)
    Destination Clock Delay (DCD):    1.790ns = ( 11.790 - 10.000 ) 
    Source Clock Delay      (SCD):    2.111ns
    Clock Pessimism Removal (CPR):    0.154ns
  Clock Uncertainty:      0.110ns  (CJ)/2 + PE + PJ
    Clock Jitter             (CJ):    0.220ns
    Phase Error              (PE):    0.000ns
    Phase Jitter             (PJ):    0.000ns
  Clock Net Delay (Source):      1.970ns (routing 0.261ns, distribution 1.709ns)
  Clock Net Delay (Destination): 1.718ns (routing 0.238ns, distribution 1.480ns)

    Location             Delay type                Incr(ns)  Path(ns)    Netlist Resource(s)
  -------------------------------------------------------------------    -------------------
                         (clock clk_pl_0 rise edge)
                                                      0.000     0.000 r  
    PS9_X0Y0             PS9                          0.000     0.000 r  ps_block/versal_cips_0/U0/pspmc_0/U0/PS9_inst/PMCRCLKCLK[0]
                         net (fo=1, routed)           0.000     0.000    ps_block/versal_cips_0/U0/pspmc_0/U0/pmc_pl_ref_clk[0]
    BUFG_PS_X0Y6         BUFG_PS (Prop_BUFG_PS_I_O)
                                                      0.141     0.141 r  ps_block/versal_cips_0/U0/pspmc_0/U0/buffer_pl_clk_0.PL_CLK_0_BUFG/O
    X1Y1 (CLOCK_ROOT)    net (fo=1031, routed)        1.970     2.111    ps_block/axi_smc/inst/s00_entry_pipeline/s00_si_converter/inst/gen_axilite_conv.axilite_conv_inst/aclk
    SLICE_X51Y19         FDRE                                         r  ps_block/axi_smc/inst/s00_entry_pipeline/s00_si_converter/inst/gen_axilite_conv.axilite_conv_inst/aw_addr_reg[3]_bret__4_bret__3/C
  -------------------------------------------------------------------    -------------------
    SLICE_X51Y19         FDRE (Prop_AFF_SLICEM_C_Q)
                                                      0.125     2.236 f  ps_block/axi_smc/inst/s00_entry_pipeline/s00_si_converter/inst/gen_axilite_conv.axilite_conv_inst/aw_addr_reg[3]_bret__4_bret__3/Q
                         net (fo=1, routed)           0.338     2.574    ps_block/axi_smc/inst/s00_entry_pipeline/s00_si_converter/inst/gen_axilite_conv.axilite_conv_inst/aw_addr_reg[3]_bret__4_bret__3_n_0
    SLICE_X51Y19         LUT6 (Prop_C6LUT_SLICEM_I5_O)
                                                      0.203     2.777 r  ps_block/axi_smc/inst/s00_entry_pipeline/s00_si_converter/inst/gen_axilite_conv.axilite_conv_inst/m_axi_awaddr[3]_INST_0_i_2/O
                         net (fo=2, routed)           0.190     2.967    ps_block/axi_smc/inst/s00_entry_pipeline/s00_si_converter/inst/gen_axilite_conv.axilite_conv_inst/m_axi_awaddr[3]_INST_0_i_2_n_0
    SLICE_X52Y19         LUT3 (Prop_D6LUT_SLICEL_I2_O)
                                                      0.181     3.148 r  ps_block/axi_smc/inst/s00_entry_pipeline/s00_si_converter/inst/gen_axilite_conv.axilite_conv_inst/aw_addr[3]_bret__4_bret__1_i_1/O
                         net (fo=2, routed)           0.189     3.337    ps_block/axi_smc/inst/s00_entry_pipeline/s00_si_converter/inst/gen_axilite_conv.axilite_conv_inst/aw_addr[3]_bret__4_bret__1_i_1_n_0
    SLICE_X52Y20         LUT6 (Prop_F6LUT_SLICEL_I1_O)
                                                      0.134     3.471 f  ps_block/axi_smc/inst/s00_entry_pipeline/s00_si_converter/inst/gen_axilite_conv.axilite_conv_inst/m_axi_wdata_i[31]_i_3/O
                         net (fo=38, routed)          0.202     3.673    ps_block/axi_smc/inst/s00_entry_pipeline/s00_si_converter/inst/gen_axilite_conv.axilite_conv_inst/w_pointer[3]
    SLICE_X53Y20         LUT4 (Prop_G6LUT_SLICEM_I1_O)
                                                      0.129     3.802 f  ps_block/axi_smc/inst/s00_entry_pipeline/s00_si_converter/inst/gen_axilite_conv.axilite_conv_inst/FSM_sequential_w_state[2]_i_4/O
                         net (fo=7, routed)           0.415     4.216    ps_block/axi_smc/inst/s00_entry_pipeline/s00_si_converter/inst/gen_axilite_conv.axilite_conv_inst/FSM_sequential_w_state[2]_i_4_n_0
    SLICE_X54Y22         LUT2 (Prop_H6LUT_SLICEL_I0_O)
                                                      0.114     4.330 f  ps_block/axi_smc/inst/s00_entry_pipeline/s00_si_converter/inst/gen_axilite_conv.axilite_conv_inst/aw_addr[3]_bret_i_5/O
                         net (fo=13, routed)          0.325     4.655    ps_block/axi_smc/inst/s00_entry_pipeline/s00_si_converter/inst/gen_axilite_conv.axilite_conv_inst/aw_addr[3]_bret_i_5_n_0
    SLICE_X55Y22         LUT2 (Prop_G6LUT_SLICEM_I1_O)
                                                      0.085     4.740 r  ps_block/axi_smc/inst/s00_entry_pipeline/s00_si_converter/inst/gen_axilite_conv.axilite_conv_inst/FSM_sequential_w_state[2]_i_7/O
                         net (fo=5, routed)           0.286     5.027    ps_block/axi_smc/inst/s00_entry_pipeline/s00_si_converter/inst/gen_axilite_conv.axilite_conv_inst/FSM_sequential_w_state[2]_i_7_n_0
    SLICE_X54Y23         LUT5 (Prop_G6LUT_SLICEL_I0_O)
                                                      0.192     5.219 f  ps_block/axi_smc/inst/s00_entry_pipeline/s00_si_converter/inst/gen_axilite_conv.axilite_conv_inst/aw_addr[3]_bret_i_4/O
                         net (fo=2, routed)           0.330     5.549    ps_block/axi_smc/inst/s00_entry_pipeline/s00_si_converter/inst/gen_axilite_conv.axilite_conv_inst/aw_addr[3]_bret_i_4_n_0
    SLICE_X57Y22         LUT6 (Prop_E6LUT_SLICEM_I5_O)
                                                      0.182     5.731 r  ps_block/axi_smc/inst/s00_entry_pipeline/s00_si_converter/inst/gen_axilite_conv.axilite_conv_inst/aw_addr[3]_bret_i_1/O
                         net (fo=41, routed)          0.481     6.211    ps_block/axi_smc/inst/s00_entry_pipeline/s00_si_converter/inst/gen_axilite_conv.axilite_conv_inst/aw_addr[3]_bret_i_1_n_0
    SLICE_X53Y19         FDRE                                         r  ps_block/axi_smc/inst/s00_entry_pipeline/s00_si_converter/inst/gen_axilite_conv.axilite_conv_inst/aw_addr_reg[0]_bret/CE
  -------------------------------------------------------------------    -------------------

                         (clock clk_pl_0 rise edge)
                                                     10.000    10.000 r  
    PS9_X0Y0             PS9                          0.000    10.000 r  ps_block/versal_cips_0/U0/pspmc_0/U0/PS9_inst/PMCRCLKCLK[0]
                         net (fo=1, routed)           0.000    10.000    ps_block/versal_cips_0/U0/pspmc_0/U0/pmc_pl_ref_clk[0]
    BUFG_PS_X0Y6         BUFG_PS (Prop_BUFG_PS_I_O)
                                                      0.072    10.072 r  ps_block/versal_cips_0/U0/pspmc_0/U0/buffer_pl_clk_0.PL_CLK_0_BUFG/O
    X1Y1 (CLOCK_ROOT)    net (fo=1031, routed)        1.718    11.790    ps_block/axi_smc/inst/s00_entry_pipeline/s00_si_converter/inst/gen_axilite_conv.axilite_conv_inst/aclk
    SLICE_X53Y19         FDRE                                         r  ps_block/axi_smc/inst/s00_entry_pipeline/s00_si_converter/inst/gen_axilite_conv.axilite_conv_inst/aw_addr_reg[0]_bret/C
                         clock pessimism              0.154    11.944    
                         clock uncertainty           -0.110    11.833    
    SLICE_X53Y19         FDRE (Setup_DFF2_SLICEM_C_CE)
                                                     -0.104    11.729    ps_block/axi_smc/inst/s00_entry_pipeline/s00_si_converter/inst/gen_axilite_conv.axilite_conv_inst/aw_addr_reg[0]_bret
  -------------------------------------------------------------------
                         required time                         11.729    
                         arrival time                          -6.211    
  -------------------------------------------------------------------
                         slack                                  5.518    

Slack (MET) :             5.518ns  (required time - arrival time)
  Source:                 ps_block/axi_smc/inst/s00_entry_pipeline/s00_si_converter/inst/gen_axilite_conv.axilite_conv_inst/aw_addr_reg[3]_bret__4_bret__3/C
                            (rising edge-triggered cell FDRE clocked by clk_pl_0  {rise@0.000ns fall@5.000ns period=10.000ns})
  Destination:            ps_block/axi_smc/inst/s00_entry_pipeline/s00_si_converter/inst/gen_axilite_conv.axilite_conv_inst/aw_addr_reg[0]_bret__0/CE
                            (rising edge-triggered cell FDRE clocked by clk_pl_0  {rise@0.000ns fall@5.000ns period=10.000ns})
  Path Group:             clk_pl_0
  Path Type:              Setup (Max at Slow Process Corner)
  Requirement:            10.000ns  (clk_pl_0 rise@10.000ns - clk_pl_0 rise@0.000ns)
  Data Path Delay:        4.100ns  (logic 1.345ns (32.804%)  route 2.755ns (67.196%))
  Logic Levels:           8  (LUT2=2 LUT3=1 LUT4=1 LUT5=1 LUT6=3)
  Clock Path Skew:        -0.168ns (DCD - SCD + CPR)
    Destination Clock Delay (DCD):    1.790ns = ( 11.790 - 10.000 ) 
    Source Clock Delay      (SCD):    2.111ns
    Clock Pessimism Removal (CPR):    0.154ns
  Clock Uncertainty:      0.110ns  (CJ)/2 + PE + PJ
    Clock Jitter             (CJ):    0.220ns
    Phase Error              (PE):    0.000ns
    Phase Jitter             (PJ):    0.000ns
  Clock Net Delay (Source):      1.970ns (routing 0.261ns, distribution 1.709ns)
  Clock Net Delay (Destination): 1.718ns (routing 0.238ns, distribution 1.480ns)

    Location             Delay type                Incr(ns)  Path(ns)    Netlist Resource(s)
  -------------------------------------------------------------------    -------------------
                         (clock clk_pl_0 rise edge)
                                                      0.000     0.000 r  
    PS9_X0Y0             PS9                          0.000     0.000 r  ps_block/versal_cips_0/U0/pspmc_0/U0/PS9_inst/PMCRCLKCLK[0]
                         net (fo=1, routed)           0.000     0.000    ps_block/versal_cips_0/U0/pspmc_0/U0/pmc_pl_ref_clk[0]
    BUFG_PS_X0Y6         BUFG_PS (Prop_BUFG_PS_I_O)
                                                      0.141     0.141 r  ps_block/versal_cips_0/U0/pspmc_0/U0/buffer_pl_clk_0.PL_CLK_0_BUFG/O
    X1Y1 (CLOCK_ROOT)    net (fo=1031, routed)        1.970     2.111    ps_block/axi_smc/inst/s00_entry_pipeline/s00_si_converter/inst/gen_axilite_conv.axilite_conv_inst/aclk
    SLICE_X51Y19         FDRE                                         r  ps_block/axi_smc/inst/s00_entry_pipeline/s00_si_converter/inst/gen_axilite_conv.axilite_conv_inst/aw_addr_reg[3]_bret__4_bret__3/C
  -------------------------------------------------------------------    -------------------
    SLICE_X51Y19         FDRE (Prop_AFF_SLICEM_C_Q)
                                                      0.125     2.236 f  ps_block/axi_smc/inst/s00_entry_pipeline/s00_si_converter/inst/gen_axilite_conv.axilite_conv_inst/aw_addr_reg[3]_bret__4_bret__3/Q
                         net (fo=1, routed)           0.338     2.574    ps_block/axi_smc/inst/s00_entry_pipeline/s00_si_converter/inst/gen_axilite_conv.axilite_conv_inst/aw_addr_reg[3]_bret__4_bret__3_n_0
    SLICE_X51Y19         LUT6 (Prop_C6LUT_SLICEM_I5_O)
                                                      0.203     2.777 r  ps_block/axi_smc/inst/s00_entry_pipeline/s00_si_converter/inst/gen_axilite_conv.axilite_conv_inst/m_axi_awaddr[3]_INST_0_i_2/O
                         net (fo=2, routed)           0.190     2.967    ps_block/axi_smc/inst/s00_entry_pipeline/s00_si_converter/inst/gen_axilite_conv.axilite_conv_inst/m_axi_awaddr[3]_INST_0_i_2_n_0
    SLICE_X52Y19         LUT3 (Prop_D6LUT_SLICEL_I2_O)
                                                      0.181     3.148 r  ps_block/axi_smc/inst/s00_entry_pipeline/s00_si_converter/inst/gen_axilite_conv.axilite_conv_inst/aw_addr[3]_bret__4_bret__1_i_1/O
                         net (fo=2, routed)           0.189     3.337    ps_block/axi_smc/inst/s00_entry_pipeline/s00_si_converter/inst/gen_axilite_conv.axilite_conv_inst/aw_addr[3]_bret__4_bret__1_i_1_n_0
    SLICE_X52Y20         LUT6 (Prop_F6LUT_SLICEL_I1_O)
                                                      0.134     3.471 f  ps_block/axi_smc/inst/s00_entry_pipeline/s00_si_converter/inst/gen_axilite_conv.axilite_conv_inst/m_axi_wdata_i[31]_i_3/O
                         net (fo=38, routed)          0.202     3.673    ps_block/axi_smc/inst/s00_entry_pipeline/s00_si_converter/inst/gen_axilite_conv.axilite_conv_inst/w_pointer[3]
    SLICE_X53Y20         LUT4 (Prop_G6LUT_SLICEM_I1_O)
                                                      0.129     3.802 f  ps_block/axi_smc/inst/s00_entry_pipeline/s00_si_converter/inst/gen_axilite_conv.axilite_conv_inst/FSM_sequential_w_state[2]_i_4/O
                         net (fo=7, routed)           0.415     4.216    ps_block/axi_smc/inst/s00_entry_pipeline/s00_si_converter/inst/gen_axilite_conv.axilite_conv_inst/FSM_sequential_w_state[2]_i_4_n_0
    SLICE_X54Y22         LUT2 (Prop_H6LUT_SLICEL_I0_O)
                                                      0.114     4.330 f  ps_block/axi_smc/inst/s00_entry_pipeline/s00_si_converter/inst/gen_axilite_conv.axilite_conv_inst/aw_addr[3]_bret_i_5/O
                         net (fo=13, routed)          0.325     4.655    ps_block/axi_smc/inst/s00_entry_pipeline/s00_si_converter/inst/gen_axilite_conv.axilite_conv_inst/aw_addr[3]_bret_i_5_n_0
    SLICE_X55Y22         LUT2 (Prop_G6LUT_SLICEM_I1_O)
                                                      0.085     4.740 r  ps_block/axi_smc/inst/s00_entry_pipeline/s00_si_converter/inst/gen_axilite_conv.axilite_conv_inst/FSM_sequential_w_state[2]_i_7/O
                         net (fo=5, routed)           0.286     5.027    ps_block/axi_smc/inst/s00_entry_pipeline/s00_si_converter/inst/gen_axilite_conv.axilite_conv_inst/FSM_sequential_w_state[2]_i_7_n_0
    SLICE_X54Y23         LUT5 (Prop_G6LUT_SLICEL_I0_O)
                                                      0.192     5.219 f  ps_block/axi_smc/inst/s00_entry_pipeline/s00_si_converter/inst/gen_axilite_conv.axilite_conv_inst/aw_addr[3]_bret_i_4/O
                         net (fo=2, routed)           0.330     5.549    ps_block/axi_smc/inst/s00_entry_pipeline/s00_si_converter/inst/gen_axilite_conv.axilite_conv_inst/aw_addr[3]_bret_i_4_n_0
    SLICE_X57Y22         LUT6 (Prop_E6LUT_SLICEM_I5_O)
                                                      0.182     5.731 r  ps_block/axi_smc/inst/s00_entry_pipeline/s00_si_converter/inst/gen_axilite_conv.axilite_conv_inst/aw_addr[3]_bret_i_1/O
                         net (fo=41, routed)          0.481     6.211    ps_block/axi_smc/inst/s00_entry_pipeline/s00_si_converter/inst/gen_axilite_conv.axilite_conv_inst/aw_addr[3]_bret_i_1_n_0
    SLICE_X53Y19         FDRE                                         r  ps_block/axi_smc/inst/s00_entry_pipeline/s00_si_converter/inst/gen_axilite_conv.axilite_conv_inst/aw_addr_reg[0]_bret__0/CE
  -------------------------------------------------------------------    -------------------

                         (clock clk_pl_0 rise edge)
                                                     10.000    10.000 r  
    PS9_X0Y0             PS9                          0.000    10.000 r  ps_block/versal_cips_0/U0/pspmc_0/U0/PS9_inst/PMCRCLKCLK[0]
                         net (fo=1, routed)           0.000    10.000    ps_block/versal_cips_0/U0/pspmc_0/U0/pmc_pl_ref_clk[0]
    BUFG_PS_X0Y6         BUFG_PS (Prop_BUFG_PS_I_O)
                                                      0.072    10.072 r  ps_block/versal_cips_0/U0/pspmc_0/U0/buffer_pl_clk_0.PL_CLK_0_BUFG/O
    X1Y1 (CLOCK_ROOT)    net (fo=1031, routed)        1.718    11.790    ps_block/axi_smc/inst/s00_entry_pipeline/s00_si_converter/inst/gen_axilite_conv.axilite_conv_inst/aclk
    SLICE_X53Y19         FDRE                                         r  ps_block/axi_smc/inst/s00_entry_pipeline/s00_si_converter/inst/gen_axilite_conv.axilite_conv_inst/aw_addr_reg[0]_bret__0/C
                         clock pessimism              0.154    11.944    
                         clock uncertainty           -0.110    11.833    
    SLICE_X53Y19         FDRE (Setup_DFF_SLICEM_C_CE)
                                                     -0.104    11.729    ps_block/axi_smc/inst/s00_entry_pipeline/s00_si_converter/inst/gen_axilite_conv.axilite_conv_inst/aw_addr_reg[0]_bret__0
  -------------------------------------------------------------------
                         required time                         11.729    
                         arrival time                          -6.211    
  -------------------------------------------------------------------
                         slack                                  5.518    

Slack (MET) :             5.519ns  (required time - arrival time)
  Source:                 ps_block/axi_smc/inst/s00_entry_pipeline/s00_si_converter/inst/gen_axilite_conv.axilite_conv_inst/aw_addr_reg[3]_bret__4_bret__3/C
                            (rising edge-triggered cell FDRE clocked by clk_pl_0  {rise@0.000ns fall@5.000ns period=10.000ns})
  Destination:            ps_block/axi_smc/inst/s00_entry_pipeline/s00_si_converter/inst/gen_axilite_conv.axilite_conv_inst/aw_addr_reg[2]_bret__0/CE
                            (rising edge-triggered cell FDRE clocked by clk_pl_0  {rise@0.000ns fall@5.000ns period=10.000ns})
  Path Group:             clk_pl_0
  Path Type:              Setup (Max at Slow Process Corner)
  Requirement:            10.000ns  (clk_pl_0 rise@10.000ns - clk_pl_0 rise@0.000ns)
  Data Path Delay:        4.101ns  (logic 1.345ns (32.794%)  route 2.756ns (67.206%))
  Logic Levels:           8  (LUT2=2 LUT3=1 LUT4=1 LUT5=1 LUT6=3)
  Clock Path Skew:        -0.168ns (DCD - SCD + CPR)
    Destination Clock Delay (DCD):    1.790ns = ( 11.790 - 10.000 ) 
    Source Clock Delay      (SCD):    2.111ns
    Clock Pessimism Removal (CPR):    0.154ns
  Clock Uncertainty:      0.110ns  (CJ)/2 + PE + PJ
    Clock Jitter             (CJ):    0.220ns
    Phase Error              (PE):    0.000ns
    Phase Jitter             (PJ):    0.000ns
  Clock Net Delay (Source):      1.970ns (routing 0.261ns, distribution 1.709ns)
  Clock Net Delay (Destination): 1.718ns (routing 0.238ns, distribution 1.480ns)

    Location             Delay type                Incr(ns)  Path(ns)    Netlist Resource(s)
  -------------------------------------------------------------------    -------------------
                         (clock clk_pl_0 rise edge)
                                                      0.000     0.000 r  
    PS9_X0Y0             PS9                          0.000     0.000 r  ps_block/versal_cips_0/U0/pspmc_0/U0/PS9_inst/PMCRCLKCLK[0]
                         net (fo=1, routed)           0.000     0.000    ps_block/versal_cips_0/U0/pspmc_0/U0/pmc_pl_ref_clk[0]
    BUFG_PS_X0Y6         BUFG_PS (Prop_BUFG_PS_I_O)
                                                      0.141     0.141 r  ps_block/versal_cips_0/U0/pspmc_0/U0/buffer_pl_clk_0.PL_CLK_0_BUFG/O
    X1Y1 (CLOCK_ROOT)    net (fo=1031, routed)        1.970     2.111    ps_block/axi_smc/inst/s00_entry_pipeline/s00_si_converter/inst/gen_axilite_conv.axilite_conv_inst/aclk
    SLICE_X51Y19         FDRE                                         r  ps_block/axi_smc/inst/s00_entry_pipeline/s00_si_converter/inst/gen_axilite_conv.axilite_conv_inst/aw_addr_reg[3]_bret__4_bret__3/C
  -------------------------------------------------------------------    -------------------
    SLICE_X51Y19         FDRE (Prop_AFF_SLICEM_C_Q)
                                                      0.125     2.236 f  ps_block/axi_smc/inst/s00_entry_pipeline/s00_si_converter/inst/gen_axilite_conv.axilite_conv_inst/aw_addr_reg[3]_bret__4_bret__3/Q
                         net (fo=1, routed)           0.338     2.574    ps_block/axi_smc/inst/s00_entry_pipeline/s00_si_converter/inst/gen_axilite_conv.axilite_conv_inst/aw_addr_reg[3]_bret__4_bret__3_n_0
    SLICE_X51Y19         LUT6 (Prop_C6LUT_SLICEM_I5_O)
                                                      0.203     2.777 r  ps_block/axi_smc/inst/s00_entry_pipeline/s00_si_converter/inst/gen_axilite_conv.axilite_conv_inst/m_axi_awaddr[3]_INST_0_i_2/O
                         net (fo=2, routed)           0.190     2.967    ps_block/axi_smc/inst/s00_entry_pipeline/s00_si_converter/inst/gen_axilite_conv.axilite_conv_inst/m_axi_awaddr[3]_INST_0_i_2_n_0
    SLICE_X52Y19         LUT3 (Prop_D6LUT_SLICEL_I2_O)
                                                      0.181     3.148 r  ps_block/axi_smc/inst/s00_entry_pipeline/s00_si_converter/inst/gen_axilite_conv.axilite_conv_inst/aw_addr[3]_bret__4_bret__1_i_1/O
                         net (fo=2, routed)           0.189     3.337    ps_block/axi_smc/inst/s00_entry_pipeline/s00_si_converter/inst/gen_axilite_conv.axilite_conv_inst/aw_addr[3]_bret__4_bret__1_i_1_n_0
    SLICE_X52Y20         LUT6 (Prop_F6LUT_SLICEL_I1_O)
                                                      0.134     3.471 f  ps_block/axi_smc/inst/s00_entry_pipeline/s00_si_converter/inst/gen_axilite_conv.axilite_conv_inst/m_axi_wdata_i[31]_i_3/O
                         net (fo=38, routed)          0.202     3.673    ps_block/axi_smc/inst/s00_entry_pipeline/s00_si_converter/inst/gen_axilite_conv.axilite_conv_inst/w_pointer[3]
    SLICE_X53Y20         LUT4 (Prop_G6LUT_SLICEM_I1_O)
                                                      0.129     3.802 f  ps_block/axi_smc/inst/s00_entry_pipeline/s00_si_converter/inst/gen_axilite_conv.axilite_conv_inst/FSM_sequential_w_state[2]_i_4/O
                         net (fo=7, routed)           0.415     4.216    ps_block/axi_smc/inst/s00_entry_pipeline/s00_si_converter/inst/gen_axilite_conv.axilite_conv_inst/FSM_sequential_w_state[2]_i_4_n_0
    SLICE_X54Y22         LUT2 (Prop_H6LUT_SLICEL_I0_O)
                                                      0.114     4.330 f  ps_block/axi_smc/inst/s00_entry_pipeline/s00_si_converter/inst/gen_axilite_conv.axilite_conv_inst/aw_addr[3]_bret_i_5/O
                         net (fo=13, routed)          0.325     4.655    ps_block/axi_smc/inst/s00_entry_pipeline/s00_si_converter/inst/gen_axilite_conv.axilite_conv_inst/aw_addr[3]_bret_i_5_n_0
    SLICE_X55Y22         LUT2 (Prop_G6LUT_SLICEM_I1_O)
                                                      0.085     4.740 r  ps_block/axi_smc/inst/s00_entry_pipeline/s00_si_converter/inst/gen_axilite_conv.axilite_conv_inst/FSM_sequential_w_state[2]_i_7/O
                         net (fo=5, routed)           0.286     5.027    ps_block/axi_smc/inst/s00_entry_pipeline/s00_si_converter/inst/gen_axilite_conv.axilite_conv_inst/FSM_sequential_w_state[2]_i_7_n_0
    SLICE_X54Y23         LUT5 (Prop_G6LUT_SLICEL_I0_O)
                                                      0.192     5.219 f  ps_block/axi_smc/inst/s00_entry_pipeline/s00_si_converter/inst/gen_axilite_conv.axilite_conv_inst/aw_addr[3]_bret_i_4/O
                         net (fo=2, routed)           0.330     5.549    ps_block/axi_smc/inst/s00_entry_pipeline/s00_si_converter/inst/gen_axilite_conv.axilite_conv_inst/aw_addr[3]_bret_i_4_n_0
    SLICE_X57Y22         LUT6 (Prop_E6LUT_SLICEM_I5_O)
                                                      0.182     5.731 r  ps_block/axi_smc/inst/s00_entry_pipeline/s00_si_converter/inst/gen_axilite_conv.axilite_conv_inst/aw_addr[3]_bret_i_1/O
                         net (fo=41, routed)          0.482     6.213    ps_block/axi_smc/inst/s00_entry_pipeline/s00_si_converter/inst/gen_axilite_conv.axilite_conv_inst/aw_addr[3]_bret_i_1_n_0
    SLICE_X53Y19         FDRE                                         r  ps_block/axi_smc/inst/s00_entry_pipeline/s00_si_converter/inst/gen_axilite_conv.axilite_conv_inst/aw_addr_reg[2]_bret__0/CE
  -------------------------------------------------------------------    -------------------

                         (clock clk_pl_0 rise edge)
                                                     10.000    10.000 r  
    PS9_X0Y0             PS9                          0.000    10.000 r  ps_block/versal_cips_0/U0/pspmc_0/U0/PS9_inst/PMCRCLKCLK[0]
                         net (fo=1, routed)           0.000    10.000    ps_block/versal_cips_0/U0/pspmc_0/U0/pmc_pl_ref_clk[0]
    BUFG_PS_X0Y6         BUFG_PS (Prop_BUFG_PS_I_O)
                                                      0.072    10.072 r  ps_block/versal_cips_0/U0/pspmc_0/U0/buffer_pl_clk_0.PL_CLK_0_BUFG/O
    X1Y1 (CLOCK_ROOT)    net (fo=1031, routed)        1.718    11.790    ps_block/axi_smc/inst/s00_entry_pipeline/s00_si_converter/inst/gen_axilite_conv.axilite_conv_inst/aclk
    SLICE_X53Y19         FDRE                                         r  ps_block/axi_smc/inst/s00_entry_pipeline/s00_si_converter/inst/gen_axilite_conv.axilite_conv_inst/aw_addr_reg[2]_bret__0/C
                         clock pessimism              0.154    11.944    
                         clock uncertainty           -0.110    11.833    
    SLICE_X53Y19         FDRE (Setup_AFF2_SLICEM_C_CE)
                                                     -0.102    11.731    ps_block/axi_smc/inst/s00_entry_pipeline/s00_si_converter/inst/gen_axilite_conv.axilite_conv_inst/aw_addr_reg[2]_bret__0
  -------------------------------------------------------------------
                         required time                         11.731    
                         arrival time                          -6.213    
  -------------------------------------------------------------------
                         slack                                  5.519    

Slack (MET) :             5.519ns  (required time - arrival time)
  Source:                 ps_block/axi_smc/inst/s00_entry_pipeline/s00_si_converter/inst/gen_axilite_conv.axilite_conv_inst/aw_addr_reg[3]_bret__4_bret__3/C
                            (rising edge-triggered cell FDRE clocked by clk_pl_0  {rise@0.000ns fall@5.000ns period=10.000ns})
  Destination:            ps_block/axi_smc/inst/s00_entry_pipeline/s00_si_converter/inst/gen_axilite_conv.axilite_conv_inst/aw_addr_reg[2]_bret__3/CE
                            (rising edge-triggered cell FDRE clocked by clk_pl_0  {rise@0.000ns fall@5.000ns period=10.000ns})
  Path Group:             clk_pl_0
  Path Type:              Setup (Max at Slow Process Corner)
  Requirement:            10.000ns  (clk_pl_0 rise@10.000ns - clk_pl_0 rise@0.000ns)
  Data Path Delay:        4.101ns  (logic 1.345ns (32.794%)  route 2.756ns (67.206%))
  Logic Levels:           8  (LUT2=2 LUT3=1 LUT4=1 LUT5=1 LUT6=3)
  Clock Path Skew:        -0.168ns (DCD - SCD + CPR)
    Destination Clock Delay (DCD):    1.790ns = ( 11.790 - 10.000 ) 
    Source Clock Delay      (SCD):    2.111ns
    Clock Pessimism Removal (CPR):    0.154ns
  Clock Uncertainty:      0.110ns  (CJ)/2 + PE + PJ
    Clock Jitter             (CJ):    0.220ns
    Phase Error              (PE):    0.000ns
    Phase Jitter             (PJ):    0.000ns
  Clock Net Delay (Source):      1.970ns (routing 0.261ns, distribution 1.709ns)
  Clock Net Delay (Destination): 1.718ns (routing 0.238ns, distribution 1.480ns)

    Location             Delay type                Incr(ns)  Path(ns)    Netlist Resource(s)
  -------------------------------------------------------------------    -------------------
                         (clock clk_pl_0 rise edge)
                                                      0.000     0.000 r  
    PS9_X0Y0             PS9                          0.000     0.000 r  ps_block/versal_cips_0/U0/pspmc_0/U0/PS9_inst/PMCRCLKCLK[0]
                         net (fo=1, routed)           0.000     0.000    ps_block/versal_cips_0/U0/pspmc_0/U0/pmc_pl_ref_clk[0]
    BUFG_PS_X0Y6         BUFG_PS (Prop_BUFG_PS_I_O)
                                                      0.141     0.141 r  ps_block/versal_cips_0/U0/pspmc_0/U0/buffer_pl_clk_0.PL_CLK_0_BUFG/O
    X1Y1 (CLOCK_ROOT)    net (fo=1031, routed)        1.970     2.111    ps_block/axi_smc/inst/s00_entry_pipeline/s00_si_converter/inst/gen_axilite_conv.axilite_conv_inst/aclk
    SLICE_X51Y19         FDRE                                         r  ps_block/axi_smc/inst/s00_entry_pipeline/s00_si_converter/inst/gen_axilite_conv.axilite_conv_inst/aw_addr_reg[3]_bret__4_bret__3/C
  -------------------------------------------------------------------    -------------------
    SLICE_X51Y19         FDRE (Prop_AFF_SLICEM_C_Q)
                                                      0.125     2.236 f  ps_block/axi_smc/inst/s00_entry_pipeline/s00_si_converter/inst/gen_axilite_conv.axilite_conv_inst/aw_addr_reg[3]_bret__4_bret__3/Q
                         net (fo=1, routed)           0.338     2.574    ps_block/axi_smc/inst/s00_entry_pipeline/s00_si_converter/inst/gen_axilite_conv.axilite_conv_inst/aw_addr_reg[3]_bret__4_bret__3_n_0
    SLICE_X51Y19         LUT6 (Prop_C6LUT_SLICEM_I5_O)
                                                      0.203     2.777 r  ps_block/axi_smc/inst/s00_entry_pipeline/s00_si_converter/inst/gen_axilite_conv.axilite_conv_inst/m_axi_awaddr[3]_INST_0_i_2/O
                         net (fo=2, routed)           0.190     2.967    ps_block/axi_smc/inst/s00_entry_pipeline/s00_si_converter/inst/gen_axilite_conv.axilite_conv_inst/m_axi_awaddr[3]_INST_0_i_2_n_0
    SLICE_X52Y19         LUT3 (Prop_D6LUT_SLICEL_I2_O)
                                                      0.181     3.148 r  ps_block/axi_smc/inst/s00_entry_pipeline/s00_si_converter/inst/gen_axilite_conv.axilite_conv_inst/aw_addr[3]_bret__4_bret__1_i_1/O
                         net (fo=2, routed)           0.189     3.337    ps_block/axi_smc/inst/s00_entry_pipeline/s00_si_converter/inst/gen_axilite_conv.axilite_conv_inst/aw_addr[3]_bret__4_bret__1_i_1_n_0
    SLICE_X52Y20         LUT6 (Prop_F6LUT_SLICEL_I1_O)
                                                      0.134     3.471 f  ps_block/axi_smc/inst/s00_entry_pipeline/s00_si_converter/inst/gen_axilite_conv.axilite_conv_inst/m_axi_wdata_i[31]_i_3/O
                         net (fo=38, routed)          0.202     3.673    ps_block/axi_smc/inst/s00_entry_pipeline/s00_si_converter/inst/gen_axilite_conv.axilite_conv_inst/w_pointer[3]
    SLICE_X53Y20         LUT4 (Prop_G6LUT_SLICEM_I1_O)
                                                      0.129     3.802 f  ps_block/axi_smc/inst/s00_entry_pipeline/s00_si_converter/inst/gen_axilite_conv.axilite_conv_inst/FSM_sequential_w_state[2]_i_4/O
                         net (fo=7, routed)           0.415     4.216    ps_block/axi_smc/inst/s00_entry_pipeline/s00_si_converter/inst/gen_axilite_conv.axilite_conv_inst/FSM_sequential_w_state[2]_i_4_n_0
    SLICE_X54Y22         LUT2 (Prop_H6LUT_SLICEL_I0_O)
                                                      0.114     4.330 f  ps_block/axi_smc/inst/s00_entry_pipeline/s00_si_converter/inst/gen_axilite_conv.axilite_conv_inst/aw_addr[3]_bret_i_5/O
                         net (fo=13, routed)          0.325     4.655    ps_block/axi_smc/inst/s00_entry_pipeline/s00_si_converter/inst/gen_axilite_conv.axilite_conv_inst/aw_addr[3]_bret_i_5_n_0
    SLICE_X55Y22         LUT2 (Prop_G6LUT_SLICEM_I1_O)
                                                      0.085     4.740 r  ps_block/axi_smc/inst/s00_entry_pipeline/s00_si_converter/inst/gen_axilite_conv.axilite_conv_inst/FSM_sequential_w_state[2]_i_7/O
                         net (fo=5, routed)           0.286     5.027    ps_block/axi_smc/inst/s00_entry_pipeline/s00_si_converter/inst/gen_axilite_conv.axilite_conv_inst/FSM_sequential_w_state[2]_i_7_n_0
    SLICE_X54Y23         LUT5 (Prop_G6LUT_SLICEL_I0_O)
                                                      0.192     5.219 f  ps_block/axi_smc/inst/s00_entry_pipeline/s00_si_converter/inst/gen_axilite_conv.axilite_conv_inst/aw_addr[3]_bret_i_4/O
                         net (fo=2, routed)           0.330     5.549    ps_block/axi_smc/inst/s00_entry_pipeline/s00_si_converter/inst/gen_axilite_conv.axilite_conv_inst/aw_addr[3]_bret_i_4_n_0
    SLICE_X57Y22         LUT6 (Prop_E6LUT_SLICEM_I5_O)
                                                      0.182     5.731 r  ps_block/axi_smc/inst/s00_entry_pipeline/s00_si_converter/inst/gen_axilite_conv.axilite_conv_inst/aw_addr[3]_bret_i_1/O
                         net (fo=41, routed)          0.482     6.213    ps_block/axi_smc/inst/s00_entry_pipeline/s00_si_converter/inst/gen_axilite_conv.axilite_conv_inst/aw_addr[3]_bret_i_1_n_0
    SLICE_X53Y19         FDRE                                         r  ps_block/axi_smc/inst/s00_entry_pipeline/s00_si_converter/inst/gen_axilite_conv.axilite_conv_inst/aw_addr_reg[2]_bret__3/CE
  -------------------------------------------------------------------    -------------------

                         (clock clk_pl_0 rise edge)
                                                     10.000    10.000 r  
    PS9_X0Y0             PS9                          0.000    10.000 r  ps_block/versal_cips_0/U0/pspmc_0/U0/PS9_inst/PMCRCLKCLK[0]
                         net (fo=1, routed)           0.000    10.000    ps_block/versal_cips_0/U0/pspmc_0/U0/pmc_pl_ref_clk[0]
    BUFG_PS_X0Y6         BUFG_PS (Prop_BUFG_PS_I_O)
                                                      0.072    10.072 r  ps_block/versal_cips_0/U0/pspmc_0/U0/buffer_pl_clk_0.PL_CLK_0_BUFG/O
    X1Y1 (CLOCK_ROOT)    net (fo=1031, routed)        1.718    11.790    ps_block/axi_smc/inst/s00_entry_pipeline/s00_si_converter/inst/gen_axilite_conv.axilite_conv_inst/aclk
    SLICE_X53Y19         FDRE                                         r  ps_block/axi_smc/inst/s00_entry_pipeline/s00_si_converter/inst/gen_axilite_conv.axilite_conv_inst/aw_addr_reg[2]_bret__3/C
                         clock pessimism              0.154    11.944    
                         clock uncertainty           -0.110    11.833    
    SLICE_X53Y19         FDRE (Setup_AFF_SLICEM_C_CE)
                                                     -0.102    11.731    ps_block/axi_smc/inst/s00_entry_pipeline/s00_si_converter/inst/gen_axilite_conv.axilite_conv_inst/aw_addr_reg[2]_bret__3
  -------------------------------------------------------------------
                         required time                         11.731    
                         arrival time                          -6.213    
  -------------------------------------------------------------------
                         slack                                  5.519    

Slack (MET) :             5.519ns  (required time - arrival time)
  Source:                 ps_block/axi_smc/inst/s00_entry_pipeline/s00_si_converter/inst/gen_axilite_conv.axilite_conv_inst/aw_addr_reg[3]_bret__4_bret__3/C
                            (rising edge-triggered cell FDRE clocked by clk_pl_0  {rise@0.000ns fall@5.000ns period=10.000ns})
  Destination:            ps_block/axi_smc/inst/s00_entry_pipeline/s00_si_converter/inst/gen_axilite_conv.axilite_conv_inst/aw_addr_reg[4]_bret__0/CE
                            (rising edge-triggered cell FDRE clocked by clk_pl_0  {rise@0.000ns fall@5.000ns period=10.000ns})
  Path Group:             clk_pl_0
  Path Type:              Setup (Max at Slow Process Corner)
  Requirement:            10.000ns  (clk_pl_0 rise@10.000ns - clk_pl_0 rise@0.000ns)
  Data Path Delay:        4.101ns  (logic 1.345ns (32.794%)  route 2.756ns (67.206%))
  Logic Levels:           8  (LUT2=2 LUT3=1 LUT4=1 LUT5=1 LUT6=3)
  Clock Path Skew:        -0.168ns (DCD - SCD + CPR)
    Destination Clock Delay (DCD):    1.790ns = ( 11.790 - 10.000 ) 
    Source Clock Delay      (SCD):    2.111ns
    Clock Pessimism Removal (CPR):    0.154ns
  Clock Uncertainty:      0.110ns  (CJ)/2 + PE + PJ
    Clock Jitter             (CJ):    0.220ns
    Phase Error              (PE):    0.000ns
    Phase Jitter             (PJ):    0.000ns
  Clock Net Delay (Source):      1.970ns (routing 0.261ns, distribution 1.709ns)
  Clock Net Delay (Destination): 1.718ns (routing 0.238ns, distribution 1.480ns)

    Location             Delay type                Incr(ns)  Path(ns)    Netlist Resource(s)
  -------------------------------------------------------------------    -------------------
                         (clock clk_pl_0 rise edge)
                                                      0.000     0.000 r  
    PS9_X0Y0             PS9                          0.000     0.000 r  ps_block/versal_cips_0/U0/pspmc_0/U0/PS9_inst/PMCRCLKCLK[0]
                         net (fo=1, routed)           0.000     0.000    ps_block/versal_cips_0/U0/pspmc_0/U0/pmc_pl_ref_clk[0]
    BUFG_PS_X0Y6         BUFG_PS (Prop_BUFG_PS_I_O)
                                                      0.141     0.141 r  ps_block/versal_cips_0/U0/pspmc_0/U0/buffer_pl_clk_0.PL_CLK_0_BUFG/O
    X1Y1 (CLOCK_ROOT)    net (fo=1031, routed)        1.970     2.111    ps_block/axi_smc/inst/s00_entry_pipeline/s00_si_converter/inst/gen_axilite_conv.axilite_conv_inst/aclk
    SLICE_X51Y19         FDRE                                         r  ps_block/axi_smc/inst/s00_entry_pipeline/s00_si_converter/inst/gen_axilite_conv.axilite_conv_inst/aw_addr_reg[3]_bret__4_bret__3/C
  -------------------------------------------------------------------    -------------------
    SLICE_X51Y19         FDRE (Prop_AFF_SLICEM_C_Q)
                                                      0.125     2.236 f  ps_block/axi_smc/inst/s00_entry_pipeline/s00_si_converter/inst/gen_axilite_conv.axilite_conv_inst/aw_addr_reg[3]_bret__4_bret__3/Q
                         net (fo=1, routed)           0.338     2.574    ps_block/axi_smc/inst/s00_entry_pipeline/s00_si_converter/inst/gen_axilite_conv.axilite_conv_inst/aw_addr_reg[3]_bret__4_bret__3_n_0
    SLICE_X51Y19         LUT6 (Prop_C6LUT_SLICEM_I5_O)
                                                      0.203     2.777 r  ps_block/axi_smc/inst/s00_entry_pipeline/s00_si_converter/inst/gen_axilite_conv.axilite_conv_inst/m_axi_awaddr[3]_INST_0_i_2/O
                         net (fo=2, routed)           0.190     2.967    ps_block/axi_smc/inst/s00_entry_pipeline/s00_si_converter/inst/gen_axilite_conv.axilite_conv_inst/m_axi_awaddr[3]_INST_0_i_2_n_0
    SLICE_X52Y19         LUT3 (Prop_D6LUT_SLICEL_I2_O)
                                                      0.181     3.148 r  ps_block/axi_smc/inst/s00_entry_pipeline/s00_si_converter/inst/gen_axilite_conv.axilite_conv_inst/aw_addr[3]_bret__4_bret__1_i_1/O
                         net (fo=2, routed)           0.189     3.337    ps_block/axi_smc/inst/s00_entry_pipeline/s00_si_converter/inst/gen_axilite_conv.axilite_conv_inst/aw_addr[3]_bret__4_bret__1_i_1_n_0
    SLICE_X52Y20         LUT6 (Prop_F6LUT_SLICEL_I1_O)
                                                      0.134     3.471 f  ps_block/axi_smc/inst/s00_entry_pipeline/s00_si_converter/inst/gen_axilite_conv.axilite_conv_inst/m_axi_wdata_i[31]_i_3/O
                         net (fo=38, routed)          0.202     3.673    ps_block/axi_smc/inst/s00_entry_pipeline/s00_si_converter/inst/gen_axilite_conv.axilite_conv_inst/w_pointer[3]
    SLICE_X53Y20         LUT4 (Prop_G6LUT_SLICEM_I1_O)
                                                      0.129     3.802 f  ps_block/axi_smc/inst/s00_entry_pipeline/s00_si_converter/inst/gen_axilite_conv.axilite_conv_inst/FSM_sequential_w_state[2]_i_4/O
                         net (fo=7, routed)           0.415     4.216    ps_block/axi_smc/inst/s00_entry_pipeline/s00_si_converter/inst/gen_axilite_conv.axilite_conv_inst/FSM_sequential_w_state[2]_i_4_n_0
    SLICE_X54Y22         LUT2 (Prop_H6LUT_SLICEL_I0_O)
                                                      0.114     4.330 f  ps_block/axi_smc/inst/s00_entry_pipeline/s00_si_converter/inst/gen_axilite_conv.axilite_conv_inst/aw_addr[3]_bret_i_5/O
                         net (fo=13, routed)          0.325     4.655    ps_block/axi_smc/inst/s00_entry_pipeline/s00_si_converter/inst/gen_axilite_conv.axilite_conv_inst/aw_addr[3]_bret_i_5_n_0
    SLICE_X55Y22         LUT2 (Prop_G6LUT_SLICEM_I1_O)
                                                      0.085     4.740 r  ps_block/axi_smc/inst/s00_entry_pipeline/s00_si_converter/inst/gen_axilite_conv.axilite_conv_inst/FSM_sequential_w_state[2]_i_7/O
                         net (fo=5, routed)           0.286     5.027    ps_block/axi_smc/inst/s00_entry_pipeline/s00_si_converter/inst/gen_axilite_conv.axilite_conv_inst/FSM_sequential_w_state[2]_i_7_n_0
    SLICE_X54Y23         LUT5 (Prop_G6LUT_SLICEL_I0_O)
                                                      0.192     5.219 f  ps_block/axi_smc/inst/s00_entry_pipeline/s00_si_converter/inst/gen_axilite_conv.axilite_conv_inst/aw_addr[3]_bret_i_4/O
                         net (fo=2, routed)           0.330     5.549    ps_block/axi_smc/inst/s00_entry_pipeline/s00_si_converter/inst/gen_axilite_conv.axilite_conv_inst/aw_addr[3]_bret_i_4_n_0
    SLICE_X57Y22         LUT6 (Prop_E6LUT_SLICEM_I5_O)
                                                      0.182     5.731 r  ps_block/axi_smc/inst/s00_entry_pipeline/s00_si_converter/inst/gen_axilite_conv.axilite_conv_inst/aw_addr[3]_bret_i_1/O
                         net (fo=41, routed)          0.482     6.213    ps_block/axi_smc/inst/s00_entry_pipeline/s00_si_converter/inst/gen_axilite_conv.axilite_conv_inst/aw_addr[3]_bret_i_1_n_0
    SLICE_X53Y19         FDRE                                         r  ps_block/axi_smc/inst/s00_entry_pipeline/s00_si_converter/inst/gen_axilite_conv.axilite_conv_inst/aw_addr_reg[4]_bret__0/CE
  -------------------------------------------------------------------    -------------------

                         (clock clk_pl_0 rise edge)
                                                     10.000    10.000 r  
    PS9_X0Y0             PS9                          0.000    10.000 r  ps_block/versal_cips_0/U0/pspmc_0/U0/PS9_inst/PMCRCLKCLK[0]
                         net (fo=1, routed)           0.000    10.000    ps_block/versal_cips_0/U0/pspmc_0/U0/pmc_pl_ref_clk[0]
    BUFG_PS_X0Y6         BUFG_PS (Prop_BUFG_PS_I_O)
                                                      0.072    10.072 r  ps_block/versal_cips_0/U0/pspmc_0/U0/buffer_pl_clk_0.PL_CLK_0_BUFG/O
    X1Y1 (CLOCK_ROOT)    net (fo=1031, routed)        1.718    11.790    ps_block/axi_smc/inst/s00_entry_pipeline/s00_si_converter/inst/gen_axilite_conv.axilite_conv_inst/aclk
    SLICE_X53Y19         FDRE                                         r  ps_block/axi_smc/inst/s00_entry_pipeline/s00_si_converter/inst/gen_axilite_conv.axilite_conv_inst/aw_addr_reg[4]_bret__0/C
                         clock pessimism              0.154    11.944    
                         clock uncertainty           -0.110    11.833    
    SLICE_X53Y19         FDRE (Setup_BFF_SLICEM_C_CE)
                                                     -0.102    11.731    ps_block/axi_smc/inst/s00_entry_pipeline/s00_si_converter/inst/gen_axilite_conv.axilite_conv_inst/aw_addr_reg[4]_bret__0
  -------------------------------------------------------------------
                         required time                         11.731    
                         arrival time                          -6.213    
  -------------------------------------------------------------------
                         slack                                  5.519    

Slack (MET) :             5.519ns  (required time - arrival time)
  Source:                 ps_block/axi_smc/inst/s00_entry_pipeline/s00_si_converter/inst/gen_axilite_conv.axilite_conv_inst/aw_addr_reg[3]_bret__4_bret__3/C
                            (rising edge-triggered cell FDRE clocked by clk_pl_0  {rise@0.000ns fall@5.000ns period=10.000ns})
  Destination:            ps_block/axi_smc/inst/s00_entry_pipeline/s00_si_converter/inst/gen_axilite_conv.axilite_conv_inst/aw_addr_reg[4]_bret__2/CE
                            (rising edge-triggered cell FDRE clocked by clk_pl_0  {rise@0.000ns fall@5.000ns period=10.000ns})
  Path Group:             clk_pl_0
  Path Type:              Setup (Max at Slow Process Corner)
  Requirement:            10.000ns  (clk_pl_0 rise@10.000ns - clk_pl_0 rise@0.000ns)
  Data Path Delay:        4.101ns  (logic 1.345ns (32.794%)  route 2.756ns (67.206%))
  Logic Levels:           8  (LUT2=2 LUT3=1 LUT4=1 LUT5=1 LUT6=3)
  Clock Path Skew:        -0.168ns (DCD - SCD + CPR)
    Destination Clock Delay (DCD):    1.790ns = ( 11.790 - 10.000 ) 
    Source Clock Delay      (SCD):    2.111ns
    Clock Pessimism Removal (CPR):    0.154ns
  Clock Uncertainty:      0.110ns  (CJ)/2 + PE + PJ
    Clock Jitter             (CJ):    0.220ns
    Phase Error              (PE):    0.000ns
    Phase Jitter             (PJ):    0.000ns
  Clock Net Delay (Source):      1.970ns (routing 0.261ns, distribution 1.709ns)
  Clock Net Delay (Destination): 1.718ns (routing 0.238ns, distribution 1.480ns)

    Location             Delay type                Incr(ns)  Path(ns)    Netlist Resource(s)
  -------------------------------------------------------------------    -------------------
                         (clock clk_pl_0 rise edge)
                                                      0.000     0.000 r  
    PS9_X0Y0             PS9                          0.000     0.000 r  ps_block/versal_cips_0/U0/pspmc_0/U0/PS9_inst/PMCRCLKCLK[0]
                         net (fo=1, routed)           0.000     0.000    ps_block/versal_cips_0/U0/pspmc_0/U0/pmc_pl_ref_clk[0]
    BUFG_PS_X0Y6         BUFG_PS (Prop_BUFG_PS_I_O)
                                                      0.141     0.141 r  ps_block/versal_cips_0/U0/pspmc_0/U0/buffer_pl_clk_0.PL_CLK_0_BUFG/O
    X1Y1 (CLOCK_ROOT)    net (fo=1031, routed)        1.970     2.111    ps_block/axi_smc/inst/s00_entry_pipeline/s00_si_converter/inst/gen_axilite_conv.axilite_conv_inst/aclk
    SLICE_X51Y19         FDRE                                         r  ps_block/axi_smc/inst/s00_entry_pipeline/s00_si_converter/inst/gen_axilite_conv.axilite_conv_inst/aw_addr_reg[3]_bret__4_bret__3/C
  -------------------------------------------------------------------    -------------------
    SLICE_X51Y19         FDRE (Prop_AFF_SLICEM_C_Q)
                                                      0.125     2.236 f  ps_block/axi_smc/inst/s00_entry_pipeline/s00_si_converter/inst/gen_axilite_conv.axilite_conv_inst/aw_addr_reg[3]_bret__4_bret__3/Q
                         net (fo=1, routed)           0.338     2.574    ps_block/axi_smc/inst/s00_entry_pipeline/s00_si_converter/inst/gen_axilite_conv.axilite_conv_inst/aw_addr_reg[3]_bret__4_bret__3_n_0
    SLICE_X51Y19         LUT6 (Prop_C6LUT_SLICEM_I5_O)
                                                      0.203     2.777 r  ps_block/axi_smc/inst/s00_entry_pipeline/s00_si_converter/inst/gen_axilite_conv.axilite_conv_inst/m_axi_awaddr[3]_INST_0_i_2/O
                         net (fo=2, routed)           0.190     2.967    ps_block/axi_smc/inst/s00_entry_pipeline/s00_si_converter/inst/gen_axilite_conv.axilite_conv_inst/m_axi_awaddr[3]_INST_0_i_2_n_0
    SLICE_X52Y19         LUT3 (Prop_D6LUT_SLICEL_I2_O)
                                                      0.181     3.148 r  ps_block/axi_smc/inst/s00_entry_pipeline/s00_si_converter/inst/gen_axilite_conv.axilite_conv_inst/aw_addr[3]_bret__4_bret__1_i_1/O
                         net (fo=2, routed)           0.189     3.337    ps_block/axi_smc/inst/s00_entry_pipeline/s00_si_converter/inst/gen_axilite_conv.axilite_conv_inst/aw_addr[3]_bret__4_bret__1_i_1_n_0
    SLICE_X52Y20         LUT6 (Prop_F6LUT_SLICEL_I1_O)
                                                      0.134     3.471 f  ps_block/axi_smc/inst/s00_entry_pipeline/s00_si_converter/inst/gen_axilite_conv.axilite_conv_inst/m_axi_wdata_i[31]_i_3/O
                         net (fo=38, routed)          0.202     3.673    ps_block/axi_smc/inst/s00_entry_pipeline/s00_si_converter/inst/gen_axilite_conv.axilite_conv_inst/w_pointer[3]
    SLICE_X53Y20         LUT4 (Prop_G6LUT_SLICEM_I1_O)
                                                      0.129     3.802 f  ps_block/axi_smc/inst/s00_entry_pipeline/s00_si_converter/inst/gen_axilite_conv.axilite_conv_inst/FSM_sequential_w_state[2]_i_4/O
                         net (fo=7, routed)           0.415     4.216    ps_block/axi_smc/inst/s00_entry_pipeline/s00_si_converter/inst/gen_axilite_conv.axilite_conv_inst/FSM_sequential_w_state[2]_i_4_n_0
    SLICE_X54Y22         LUT2 (Prop_H6LUT_SLICEL_I0_O)
                                                      0.114     4.330 f  ps_block/axi_smc/inst/s00_entry_pipeline/s00_si_converter/inst/gen_axilite_conv.axilite_conv_inst/aw_addr[3]_bret_i_5/O
                         net (fo=13, routed)          0.325     4.655    ps_block/axi_smc/inst/s00_entry_pipeline/s00_si_converter/inst/gen_axilite_conv.axilite_conv_inst/aw_addr[3]_bret_i_5_n_0
    SLICE_X55Y22         LUT2 (Prop_G6LUT_SLICEM_I1_O)
                                                      0.085     4.740 r  ps_block/axi_smc/inst/s00_entry_pipeline/s00_si_converter/inst/gen_axilite_conv.axilite_conv_inst/FSM_sequential_w_state[2]_i_7/O
                         net (fo=5, routed)           0.286     5.027    ps_block/axi_smc/inst/s00_entry_pipeline/s00_si_converter/inst/gen_axilite_conv.axilite_conv_inst/FSM_sequential_w_state[2]_i_7_n_0
    SLICE_X54Y23         LUT5 (Prop_G6LUT_SLICEL_I0_O)
                                                      0.192     5.219 f  ps_block/axi_smc/inst/s00_entry_pipeline/s00_si_converter/inst/gen_axilite_conv.axilite_conv_inst/aw_addr[3]_bret_i_4/O
                         net (fo=2, routed)           0.330     5.549    ps_block/axi_smc/inst/s00_entry_pipeline/s00_si_converter/inst/gen_axilite_conv.axilite_conv_inst/aw_addr[3]_bret_i_4_n_0
    SLICE_X57Y22         LUT6 (Prop_E6LUT_SLICEM_I5_O)
                                                      0.182     5.731 r  ps_block/axi_smc/inst/s00_entry_pipeline/s00_si_converter/inst/gen_axilite_conv.axilite_conv_inst/aw_addr[3]_bret_i_1/O
                         net (fo=41, routed)          0.482     6.213    ps_block/axi_smc/inst/s00_entry_pipeline/s00_si_converter/inst/gen_axilite_conv.axilite_conv_inst/aw_addr[3]_bret_i_1_n_0
    SLICE_X53Y19         FDRE                                         r  ps_block/axi_smc/inst/s00_entry_pipeline/s00_si_converter/inst/gen_axilite_conv.axilite_conv_inst/aw_addr_reg[4]_bret__2/CE
  -------------------------------------------------------------------    -------------------

                         (clock clk_pl_0 rise edge)
                                                     10.000    10.000 r  
    PS9_X0Y0             PS9                          0.000    10.000 r  ps_block/versal_cips_0/U0/pspmc_0/U0/PS9_inst/PMCRCLKCLK[0]
                         net (fo=1, routed)           0.000    10.000    ps_block/versal_cips_0/U0/pspmc_0/U0/pmc_pl_ref_clk[0]
    BUFG_PS_X0Y6         BUFG_PS (Prop_BUFG_PS_I_O)
                                                      0.072    10.072 r  ps_block/versal_cips_0/U0/pspmc_0/U0/buffer_pl_clk_0.PL_CLK_0_BUFG/O
    X1Y1 (CLOCK_ROOT)    net (fo=1031, routed)        1.718    11.790    ps_block/axi_smc/inst/s00_entry_pipeline/s00_si_converter/inst/gen_axilite_conv.axilite_conv_inst/aclk
    SLICE_X53Y19         FDRE                                         r  ps_block/axi_smc/inst/s00_entry_pipeline/s00_si_converter/inst/gen_axilite_conv.axilite_conv_inst/aw_addr_reg[4]_bret__2/C
                         clock pessimism              0.154    11.944    
                         clock uncertainty           -0.110    11.833    
    SLICE_X53Y19         FDRE (Setup_BFF2_SLICEM_C_CE)
                                                     -0.102    11.731    ps_block/axi_smc/inst/s00_entry_pipeline/s00_si_converter/inst/gen_axilite_conv.axilite_conv_inst/aw_addr_reg[4]_bret__2
  -------------------------------------------------------------------
                         required time                         11.731    
                         arrival time                          -6.213    
  -------------------------------------------------------------------
                         slack                                  5.519    





Min Delay Paths
--------------------------------------------------------------------------------------
Slack (MET) :             0.019ns  (arrival time - required time)
  Source:                 ps_block/rst_versal_cips_0_100M/U0/EXT_LPF/POR_SRL_I/CLK
                            (rising edge-triggered cell SRL16E clocked by clk_pl_0  {rise@0.000ns fall@5.000ns period=10.000ns})
  Destination:            ps_block/rst_versal_cips_0_100M/U0/EXT_LPF/lpf_int_reg_bret/D
                            (rising edge-triggered cell FDRE clocked by clk_pl_0  {rise@0.000ns fall@5.000ns period=10.000ns})
  Path Group:             clk_pl_0
  Path Type:              Hold (Min at Fast Process Corner)
  Requirement:            0.000ns  (clk_pl_0 rise@0.000ns - clk_pl_0 rise@0.000ns)
  Data Path Delay:        0.149ns  (logic 0.134ns (89.933%)  route 0.015ns (10.067%))
  Logic Levels:           0  
  Clock Path Skew:        0.085ns (DCD - SCD - CPR)
    Destination Clock Delay (DCD):    1.399ns
    Source Clock Delay      (SCD):    1.156ns
    Clock Pessimism Removal (CPR):    0.158ns
  Clock Net Delay (Source):      1.104ns (routing 0.165ns, distribution 0.939ns)
  Clock Net Delay (Destination): 1.303ns (routing 0.187ns, distribution 1.116ns)

    Location             Delay type                Incr(ns)  Path(ns)    Netlist Resource(s)
  -------------------------------------------------------------------    -------------------
                         (clock clk_pl_0 rise edge)
                                                      0.000     0.000 r  
    PS9_X0Y0             PS9                          0.000     0.000 r  ps_block/versal_cips_0/U0/pspmc_0/U0/PS9_inst/PMCRCLKCLK[0]
                         net (fo=1, routed)           0.000     0.000    ps_block/versal_cips_0/U0/pspmc_0/U0/pmc_pl_ref_clk[0]
    BUFG_PS_X0Y6         BUFG_PS (Prop_BUFG_PS_I_O)
                                                      0.052     0.052 r  ps_block/versal_cips_0/U0/pspmc_0/U0/buffer_pl_clk_0.PL_CLK_0_BUFG/O
    X1Y1 (CLOCK_ROOT)    net (fo=1031, routed)        1.104     1.156    ps_block/rst_versal_cips_0_100M/U0/EXT_LPF/slowest_sync_clk
    SLICE_X61Y3          SRL16E                                       r  ps_block/rst_versal_cips_0_100M/U0/EXT_LPF/POR_SRL_I/CLK
  -------------------------------------------------------------------    -------------------
    SLICE_X61Y3          SRL16E (Prop_A6LUT_SLICEM_CLK_Q)
                                                      0.134     1.290 r  ps_block/rst_versal_cips_0_100M/U0/EXT_LPF/POR_SRL_I/Q
                         net (fo=1, routed)           0.015     1.305    ps_block/rst_versal_cips_0_100M/U0/EXT_LPF/Q
    SLICE_X61Y3          FDRE                                         r  ps_block/rst_versal_cips_0_100M/U0/EXT_LPF/lpf_int_reg_bret/D
  -------------------------------------------------------------------    -------------------

                         (clock clk_pl_0 rise edge)
                                                      0.000     0.000 r  
    PS9_X0Y0             PS9                          0.000     0.000 r  ps_block/versal_cips_0/U0/pspmc_0/U0/PS9_inst/PMCRCLKCLK[0]
                         net (fo=1, routed)           0.000     0.000    ps_block/versal_cips_0/U0/pspmc_0/U0/pmc_pl_ref_clk[0]
    BUFG_PS_X0Y6         BUFG_PS (Prop_BUFG_PS_I_O)
                                                      0.096     0.096 r  ps_block/versal_cips_0/U0/pspmc_0/U0/buffer_pl_clk_0.PL_CLK_0_BUFG/O
    X1Y1 (CLOCK_ROOT)    net (fo=1031, routed)        1.303     1.399    ps_block/rst_versal_cips_0_100M/U0/EXT_LPF/slowest_sync_clk
    SLICE_X61Y3          FDRE                                         r  ps_block/rst_versal_cips_0_100M/U0/EXT_LPF/lpf_int_reg_bret/C
                         clock pessimism             -0.158     1.241    
    SLICE_X61Y3          FDRE (Hold_AFF2_SLICEM_C_D)
                                                      0.045     1.286    ps_block/rst_versal_cips_0_100M/U0/EXT_LPF/lpf_int_reg_bret
  -------------------------------------------------------------------
                         required time                         -1.286    
                         arrival time                           1.305    
  -------------------------------------------------------------------
                         slack                                  0.019    

Slack (MET) :             0.069ns  (arrival time - required time)
  Source:                 ps_block/MyLEDIP_0/U0/slv_reg0_reg[2]/C
                            (rising edge-triggered cell FDRE clocked by clk_pl_0  {rise@0.000ns fall@5.000ns period=10.000ns})
  Destination:            ps_block/axi_smc/inst/s00_nodes/s00_r_node/inst/inst_mi_handler/gen_normal_area.inst_fifo_node_payld/gen_reg_fifo.inst_reg_fifo/gen_single_rank.data_reg[21]/D
                            (rising edge-triggered cell FDRE clocked by clk_pl_0  {rise@0.000ns fall@5.000ns period=10.000ns})
  Path Group:             clk_pl_0
  Path Type:              Hold (Min at Fast Process Corner)
  Requirement:            0.000ns  (clk_pl_0 rise@0.000ns - clk_pl_0 rise@0.000ns)
  Data Path Delay:        0.212ns  (logic 0.068ns (32.043%)  route 0.144ns (67.957%))
  Logic Levels:           1  (LUT6=1)
  Clock Path Skew:        0.100ns (DCD - SCD - CPR)
    Destination Clock Delay (DCD):    1.425ns
    Source Clock Delay      (SCD):    1.208ns
    Clock Pessimism Removal (CPR):    0.116ns
  Clock Net Delay (Source):      1.156ns (routing 0.165ns, distribution 0.991ns)
  Clock Net Delay (Destination): 1.329ns (routing 0.187ns, distribution 1.142ns)

    Location             Delay type                Incr(ns)  Path(ns)    Netlist Resource(s)
  -------------------------------------------------------------------    -------------------
                         (clock clk_pl_0 rise edge)
                                                      0.000     0.000 r  
    PS9_X0Y0             PS9                          0.000     0.000 r  ps_block/versal_cips_0/U0/pspmc_0/U0/PS9_inst/PMCRCLKCLK[0]
                         net (fo=1, routed)           0.000     0.000    ps_block/versal_cips_0/U0/pspmc_0/U0/pmc_pl_ref_clk[0]
    BUFG_PS_X0Y6         BUFG_PS (Prop_BUFG_PS_I_O)
                                                      0.052     0.052 r  ps_block/versal_cips_0/U0/pspmc_0/U0/buffer_pl_clk_0.PL_CLK_0_BUFG/O
    X1Y1 (CLOCK_ROOT)    net (fo=1031, routed)        1.156     1.208    ps_block/MyLEDIP_0/U0/s00_axi_aclk
    SLICE_X53Y22         FDRE                                         r  ps_block/MyLEDIP_0/U0/slv_reg0_reg[2]/C
  -------------------------------------------------------------------    -------------------
    SLICE_X53Y22         FDRE (Prop_AFF_SLICEM_C_Q)
                                                      0.057     1.265 r  ps_block/MyLEDIP_0/U0/slv_reg0_reg[2]/Q
                         net (fo=2, routed)           0.117     1.383    ps_block/MyLEDIP_0/U0/slv_reg0[2]
    SLICE_X50Y22         LUT6 (Prop_F6LUT_SLICEL_I1_O)
                                                      0.011     1.394 r  ps_block/MyLEDIP_0/U0/s00_axi_rdata[2]_INST_0/O
                         net (fo=1, routed)           0.027     1.421    ps_block/axi_smc/inst/s00_nodes/s00_r_node/inst/inst_mi_handler/gen_normal_area.inst_fifo_node_payld/gen_reg_fifo.inst_reg_fifo/s_sc_payld[4]
    SLICE_X50Y22         FDRE                                         r  ps_block/axi_smc/inst/s00_nodes/s00_r_node/inst/inst_mi_handler/gen_normal_area.inst_fifo_node_payld/gen_reg_fifo.inst_reg_fifo/gen_single_rank.data_reg[21]/D
  -------------------------------------------------------------------    -------------------

                         (clock clk_pl_0 rise edge)
                                                      0.000     0.000 r  
    PS9_X0Y0             PS9                          0.000     0.000 r  ps_block/versal_cips_0/U0/pspmc_0/U0/PS9_inst/PMCRCLKCLK[0]
                         net (fo=1, routed)           0.000     0.000    ps_block/versal_cips_0/U0/pspmc_0/U0/pmc_pl_ref_clk[0]
    BUFG_PS_X0Y6         BUFG_PS (Prop_BUFG_PS_I_O)
                                                      0.096     0.096 r  ps_block/versal_cips_0/U0/pspmc_0/U0/buffer_pl_clk_0.PL_CLK_0_BUFG/O
    X1Y1 (CLOCK_ROOT)    net (fo=1031, routed)        1.329     1.425    ps_block/axi_smc/inst/s00_nodes/s00_r_node/inst/inst_mi_handler/gen_normal_area.inst_fifo_node_payld/gen_reg_fifo.inst_reg_fifo/s_sc_aclk
    SLICE_X50Y22         FDRE                                         r  ps_block/axi_smc/inst/s00_nodes/s00_r_node/inst/inst_mi_handler/gen_normal_area.inst_fifo_node_payld/gen_reg_fifo.inst_reg_fifo/gen_single_rank.data_reg[21]/C
                         clock pessimism             -0.116     1.309    
    SLICE_X50Y22         FDRE (Hold_FFF2_SLICEL_C_D)
                                                      0.043     1.352    ps_block/axi_smc/inst/s00_nodes/s00_r_node/inst/inst_mi_handler/gen_normal_area.inst_fifo_node_payld/gen_reg_fifo.inst_reg_fifo/gen_single_rank.data_reg[21]
  -------------------------------------------------------------------
                         required time                         -1.352    
                         arrival time                           1.421    
  -------------------------------------------------------------------
                         slack                                  0.069    

Slack (MET) :             0.073ns  (arrival time - required time)
  Source:                 ps_block/axi_smc/inst/s00_entry_pipeline/s00_si_converter/inst/gen_axilite_conv.axilite_conv_inst/m_axi_wvalid_i_reg/C
                            (rising edge-triggered cell FDRE clocked by clk_pl_0  {rise@0.000ns fall@5.000ns period=10.000ns})
  Destination:            ps_block/axi_smc/inst/s00_nodes/s00_w_node/inst/inst_mi_handler/gen_normal_area.inst_fifo_node_payld/gen_reg_fifo.inst_reg_fifo/gen_single_rank.inst_cntr/count_r_reg[0]/D
                            (rising edge-triggered cell FDRE clocked by clk_pl_0  {rise@0.000ns fall@5.000ns period=10.000ns})
  Path Group:             clk_pl_0
  Path Type:              Hold (Min at Fast Process Corner)
  Requirement:            0.000ns  (clk_pl_0 rise@0.000ns - clk_pl_0 rise@0.000ns)
  Data Path Delay:        0.193ns  (logic 0.069ns (35.698%)  route 0.124ns (64.302%))
  Logic Levels:           1  (LUT5=1)
  Clock Path Skew:        0.076ns (DCD - SCD - CPR)
    Destination Clock Delay (DCD):    1.399ns
    Source Clock Delay      (SCD):    1.207ns
    Clock Pessimism Removal (CPR):    0.116ns
  Clock Net Delay (Source):      1.155ns (routing 0.165ns, distribution 0.990ns)
  Clock Net Delay (Destination): 1.303ns (routing 0.187ns, distribution 1.116ns)

    Location             Delay type                Incr(ns)  Path(ns)    Netlist Resource(s)
  -------------------------------------------------------------------    -------------------
                         (clock clk_pl_0 rise edge)
                                                      0.000     0.000 r  
    PS9_X0Y0             PS9                          0.000     0.000 r  ps_block/versal_cips_0/U0/pspmc_0/U0/PS9_inst/PMCRCLKCLK[0]
                         net (fo=1, routed)           0.000     0.000    ps_block/versal_cips_0/U0/pspmc_0/U0/pmc_pl_ref_clk[0]
    BUFG_PS_X0Y6         BUFG_PS (Prop_BUFG_PS_I_O)
                                                      0.052     0.052 r  ps_block/versal_cips_0/U0/pspmc_0/U0/buffer_pl_clk_0.PL_CLK_0_BUFG/O
    X1Y1 (CLOCK_ROOT)    net (fo=1031, routed)        1.155     1.207    ps_block/axi_smc/inst/s00_entry_pipeline/s00_si_converter/inst/gen_axilite_conv.axilite_conv_inst/aclk
    SLICE_X55Y23         FDRE                                         r  ps_block/axi_smc/inst/s00_entry_pipeline/s00_si_converter/inst/gen_axilite_conv.axilite_conv_inst/m_axi_wvalid_i_reg/C
  -------------------------------------------------------------------    -------------------
    SLICE_X55Y23         FDRE (Prop_DFF2_SLICEM_C_Q)
                                                      0.058     1.265 r  ps_block/axi_smc/inst/s00_entry_pipeline/s00_si_converter/inst/gen_axilite_conv.axilite_conv_inst/m_axi_wvalid_i_reg/Q
                         net (fo=6, routed)           0.109     1.375    ps_block/axi_smc/inst/s00_nodes/s00_w_node/inst/inst_mi_handler/gen_normal_area.inst_fifo_node_payld/gen_reg_fifo.inst_reg_fifo/gen_single_rank.inst_cntr/s_sc_send[0]
    SLICE_X57Y23         LUT5 (Prop_A6LUT_SLICEM_I0_O)
                                                      0.011     1.386 r  ps_block/axi_smc/inst/s00_nodes/s00_w_node/inst/inst_mi_handler/gen_normal_area.inst_fifo_node_payld/gen_reg_fifo.inst_reg_fifo/gen_single_rank.inst_cntr/count_r[0]_i_1/O
                         net (fo=1, routed)           0.015     1.401    ps_block/axi_smc/inst/s00_nodes/s00_w_node/inst/inst_mi_handler/gen_normal_area.inst_fifo_node_payld/gen_reg_fifo.inst_reg_fifo/gen_single_rank.inst_cntr/count_r[0]_i_1_n_0
    SLICE_X57Y23         FDRE                                         r  ps_block/axi_smc/inst/s00_nodes/s00_w_node/inst/inst_mi_handler/gen_normal_area.inst_fifo_node_payld/gen_reg_fifo.inst_reg_fifo/gen_single_rank.inst_cntr/count_r_reg[0]/D
  -------------------------------------------------------------------    -------------------

                         (clock clk_pl_0 rise edge)
                                                      0.000     0.000 r  
    PS9_X0Y0             PS9                          0.000     0.000 r  ps_block/versal_cips_0/U0/pspmc_0/U0/PS9_inst/PMCRCLKCLK[0]
                         net (fo=1, routed)           0.000     0.000    ps_block/versal_cips_0/U0/pspmc_0/U0/pmc_pl_ref_clk[0]
    BUFG_PS_X0Y6         BUFG_PS (Prop_BUFG_PS_I_O)
                                                      0.096     0.096 r  ps_block/versal_cips_0/U0/pspmc_0/U0/buffer_pl_clk_0.PL_CLK_0_BUFG/O
    X1Y1 (CLOCK_ROOT)    net (fo=1031, routed)        1.303     1.399    ps_block/axi_smc/inst/s00_nodes/s00_w_node/inst/inst_mi_handler/gen_normal_area.inst_fifo_node_payld/gen_reg_fifo.inst_reg_fifo/gen_single_rank.inst_cntr/s_sc_aclk
    SLICE_X57Y23         FDRE                                         r  ps_block/axi_smc/inst/s00_nodes/s00_w_node/inst/inst_mi_handler/gen_normal_area.inst_fifo_node_payld/gen_reg_fifo.inst_reg_fifo/gen_single_rank.inst_cntr/count_r_reg[0]/C
                         clock pessimism             -0.116     1.283    
    SLICE_X57Y23         FDRE (Hold_AFF2_SLICEM_C_D)
                                                      0.045     1.328    ps_block/axi_smc/inst/s00_nodes/s00_w_node/inst/inst_mi_handler/gen_normal_area.inst_fifo_node_payld/gen_reg_fifo.inst_reg_fifo/gen_single_rank.inst_cntr/count_r_reg[0]
  -------------------------------------------------------------------
                         required time                         -1.328    
                         arrival time                           1.401    
  -------------------------------------------------------------------
                         slack                                  0.073    

Slack (MET) :             0.073ns  (arrival time - required time)
  Source:                 ps_block/MyLEDIP_0/U0/slv_reg0_reg[3]/C
                            (rising edge-triggered cell FDRE clocked by clk_pl_0  {rise@0.000ns fall@5.000ns period=10.000ns})
  Destination:            ps_block/MyLEDIP_0/U0/slv_reg1_reg[3]/D
                            (rising edge-triggered cell FDRE clocked by clk_pl_0  {rise@0.000ns fall@5.000ns period=10.000ns})
  Path Group:             clk_pl_0
  Path Type:              Hold (Min at Fast Process Corner)
  Requirement:            0.000ns  (clk_pl_0 rise@0.000ns - clk_pl_0 rise@0.000ns)
  Data Path Delay:        0.206ns  (logic 0.058ns (28.090%)  route 0.148ns (71.910%))
  Logic Levels:           0  
  Clock Path Skew:        0.089ns (DCD - SCD - CPR)
    Destination Clock Delay (DCD):    1.413ns
    Source Clock Delay      (SCD):    1.208ns
    Clock Pessimism Removal (CPR):    0.116ns
  Clock Net Delay (Source):      1.156ns (routing 0.165ns, distribution 0.991ns)
  Clock Net Delay (Destination): 1.317ns (routing 0.187ns, distribution 1.130ns)

    Location             Delay type                Incr(ns)  Path(ns)    Netlist Resource(s)
  -------------------------------------------------------------------    -------------------
                         (clock clk_pl_0 rise edge)
                                                      0.000     0.000 r  
    PS9_X0Y0             PS9                          0.000     0.000 r  ps_block/versal_cips_0/U0/pspmc_0/U0/PS9_inst/PMCRCLKCLK[0]
                         net (fo=1, routed)           0.000     0.000    ps_block/versal_cips_0/U0/pspmc_0/U0/pmc_pl_ref_clk[0]
    BUFG_PS_X0Y6         BUFG_PS (Prop_BUFG_PS_I_O)
                                                      0.052     0.052 r  ps_block/versal_cips_0/U0/pspmc_0/U0/buffer_pl_clk_0.PL_CLK_0_BUFG/O
    X1Y1 (CLOCK_ROOT)    net (fo=1031, routed)        1.156     1.208    ps_block/MyLEDIP_0/U0/s00_axi_aclk
    SLICE_X53Y22         FDRE                                         r  ps_block/MyLEDIP_0/U0/slv_reg0_reg[3]/C
  -------------------------------------------------------------------    -------------------
    SLICE_X53Y22         FDRE (Prop_AFF2_SLICEM_C_Q)
                                                      0.058     1.266 r  ps_block/MyLEDIP_0/U0/slv_reg0_reg[3]/Q
                         net (fo=2, routed)           0.148     1.415    ps_block/MyLEDIP_0/U0/slv_reg0[3]
    SLICE_X49Y22         FDRE                                         r  ps_block/MyLEDIP_0/U0/slv_reg1_reg[3]/D
  -------------------------------------------------------------------    -------------------

                         (clock clk_pl_0 rise edge)
                                                      0.000     0.000 r  
    PS9_X0Y0             PS9                          0.000     0.000 r  ps_block/versal_cips_0/U0/pspmc_0/U0/PS9_inst/PMCRCLKCLK[0]
                         net (fo=1, routed)           0.000     0.000    ps_block/versal_cips_0/U0/pspmc_0/U0/pmc_pl_ref_clk[0]
    BUFG_PS_X0Y6         BUFG_PS (Prop_BUFG_PS_I_O)
                                                      0.096     0.096 r  ps_block/versal_cips_0/U0/pspmc_0/U0/buffer_pl_clk_0.PL_CLK_0_BUFG/O
    X1Y1 (CLOCK_ROOT)    net (fo=1031, routed)        1.317     1.413    ps_block/MyLEDIP_0/U0/s00_axi_aclk
    SLICE_X49Y22         FDRE                                         r  ps_block/MyLEDIP_0/U0/slv_reg1_reg[3]/C
                         clock pessimism             -0.116     1.297    
    SLICE_X49Y22         FDRE (Hold_AFF2_SLICEM_C_D)
                                                      0.045     1.342    ps_block/MyLEDIP_0/U0/slv_reg1_reg[3]
  -------------------------------------------------------------------
                         required time                         -1.342    
                         arrival time                           1.415    
  -------------------------------------------------------------------
                         slack                                  0.073    

Slack (MET) :             0.074ns  (arrival time - required time)
  Source:                 ps_block/MyLEDIP_0/U0/slv_reg3_reg[1]/C
                            (rising edge-triggered cell FDRE clocked by clk_pl_0  {rise@0.000ns fall@5.000ns period=10.000ns})
  Destination:            ps_block/axi_smc/inst/s00_nodes/s00_r_node/inst/inst_mi_handler/gen_normal_area.inst_fifo_node_payld/gen_reg_fifo.inst_reg_fifo/gen_single_rank.data_reg[20]/D
                            (rising edge-triggered cell FDRE clocked by clk_pl_0  {rise@0.000ns fall@5.000ns period=10.000ns})
  Path Group:             clk_pl_0
  Path Type:              Hold (Min at Fast Process Corner)
  Requirement:            0.000ns  (clk_pl_0 rise@0.000ns - clk_pl_0 rise@0.000ns)
  Data Path Delay:        0.211ns  (logic 0.088ns (41.706%)  route 0.123ns (58.294%))
  Logic Levels:           1  (LUT6=1)
  Clock Path Skew:        0.093ns (DCD - SCD - CPR)
    Destination Clock Delay (DCD):    1.425ns
    Source Clock Delay      (SCD):    1.215ns
    Clock Pessimism Removal (CPR):    0.116ns
  Clock Net Delay (Source):      1.163ns (routing 0.165ns, distribution 0.998ns)
  Clock Net Delay (Destination): 1.329ns (routing 0.187ns, distribution 1.142ns)

    Location             Delay type                Incr(ns)  Path(ns)    Netlist Resource(s)
  -------------------------------------------------------------------    -------------------
                         (clock clk_pl_0 rise edge)
                                                      0.000     0.000 r  
    PS9_X0Y0             PS9                          0.000     0.000 r  ps_block/versal_cips_0/U0/pspmc_0/U0/PS9_inst/PMCRCLKCLK[0]
                         net (fo=1, routed)           0.000     0.000    ps_block/versal_cips_0/U0/pspmc_0/U0/pmc_pl_ref_clk[0]
    BUFG_PS_X0Y6         BUFG_PS (Prop_BUFG_PS_I_O)
                                                      0.052     0.052 r  ps_block/versal_cips_0/U0/pspmc_0/U0/buffer_pl_clk_0.PL_CLK_0_BUFG/O
    X1Y1 (CLOCK_ROOT)    net (fo=1031, routed)        1.163     1.215    ps_block/MyLEDIP_0/U0/s00_axi_aclk
    SLICE_X52Y22         FDRE                                         r  ps_block/MyLEDIP_0/U0/slv_reg3_reg[1]/C
  -------------------------------------------------------------------    -------------------
    SLICE_X52Y22         FDRE (Prop_GFF_SLICEL_C_Q)
                                                      0.058     1.273 r  ps_block/MyLEDIP_0/U0/slv_reg3_reg[1]/Q
                         net (fo=1, routed)           0.109     1.382    ps_block/MyLEDIP_0/U0/slv_reg3[1]
    SLICE_X50Y22         LUT6 (Prop_E6LUT_SLICEL_I2_O)
                                                      0.030     1.412 r  ps_block/MyLEDIP_0/U0/s00_axi_rdata[1]_INST_0/O
                         net (fo=1, routed)           0.014     1.426    ps_block/axi_smc/inst/s00_nodes/s00_r_node/inst/inst_mi_handler/gen_normal_area.inst_fifo_node_payld/gen_reg_fifo.inst_reg_fifo/s_sc_payld[3]
    SLICE_X50Y22         FDRE                                         r  ps_block/axi_smc/inst/s00_nodes/s00_r_node/inst/inst_mi_handler/gen_normal_area.inst_fifo_node_payld/gen_reg_fifo.inst_reg_fifo/gen_single_rank.data_reg[20]/D
  -------------------------------------------------------------------    -------------------

                         (clock clk_pl_0 rise edge)
                                                      0.000     0.000 r  
    PS9_X0Y0             PS9                          0.000     0.000 r  ps_block/versal_cips_0/U0/pspmc_0/U0/PS9_inst/PMCRCLKCLK[0]
                         net (fo=1, routed)           0.000     0.000    ps_block/versal_cips_0/U0/pspmc_0/U0/pmc_pl_ref_clk[0]
    BUFG_PS_X0Y6         BUFG_PS (Prop_BUFG_PS_I_O)
                                                      0.096     0.096 r  ps_block/versal_cips_0/U0/pspmc_0/U0/buffer_pl_clk_0.PL_CLK_0_BUFG/O
    X1Y1 (CLOCK_ROOT)    net (fo=1031, routed)        1.329     1.425    ps_block/axi_smc/inst/s00_nodes/s00_r_node/inst/inst_mi_handler/gen_normal_area.inst_fifo_node_payld/gen_reg_fifo.inst_reg_fifo/s_sc_aclk
    SLICE_X50Y22         FDRE                                         r  ps_block/axi_smc/inst/s00_nodes/s00_r_node/inst/inst_mi_handler/gen_normal_area.inst_fifo_node_payld/gen_reg_fifo.inst_reg_fifo/gen_single_rank.data_reg[20]/C
                         clock pessimism             -0.116     1.309    
    SLICE_X50Y22         FDRE (Hold_EFF2_SLICEL_C_D)
                                                      0.044     1.353    ps_block/axi_smc/inst/s00_nodes/s00_r_node/inst/inst_mi_handler/gen_normal_area.inst_fifo_node_payld/gen_reg_fifo.inst_reg_fifo/gen_single_rank.data_reg[20]
  -------------------------------------------------------------------
                         required time                         -1.353    
                         arrival time                           1.426    
  -------------------------------------------------------------------
                         slack                                  0.074    

Slack (MET) :             0.075ns  (arrival time - required time)
  Source:                 ps_block/axi_smc/inst/s00_nodes/s00_w_node/inst/inst_mi_handler/gen_normal_area.inst_fifo_node_payld/gen_reg_fifo.inst_reg_fifo/gen_single_rank.data_reg[24]/C
                            (rising edge-triggered cell FDRE clocked by clk_pl_0  {rise@0.000ns fall@5.000ns period=10.000ns})
  Destination:            ps_block/MyLEDIP_0/U0/slv_reg0_reg[7]/D
                            (rising edge-triggered cell FDRE clocked by clk_pl_0  {rise@0.000ns fall@5.000ns period=10.000ns})
  Path Group:             clk_pl_0
  Path Type:              Hold (Min at Fast Process Corner)
  Requirement:            0.000ns  (clk_pl_0 rise@0.000ns - clk_pl_0 rise@0.000ns)
  Data Path Delay:        0.182ns  (logic 0.058ns (31.868%)  route 0.124ns (68.132%))
  Logic Levels:           0  
  Clock Path Skew:        0.062ns (DCD - SCD - CPR)
    Destination Clock Delay (DCD):    1.422ns
    Source Clock Delay      (SCD):    1.215ns
    Clock Pessimism Removal (CPR):    0.145ns
  Clock Net Delay (Source):      1.163ns (routing 0.165ns, distribution 0.998ns)
  Clock Net Delay (Destination): 1.326ns (routing 0.187ns, distribution 1.139ns)

    Location             Delay type                Incr(ns)  Path(ns)    Netlist Resource(s)
  -------------------------------------------------------------------    -------------------
                         (clock clk_pl_0 rise edge)
                                                      0.000     0.000 r  
    PS9_X0Y0             PS9                          0.000     0.000 r  ps_block/versal_cips_0/U0/pspmc_0/U0/PS9_inst/PMCRCLKCLK[0]
                         net (fo=1, routed)           0.000     0.000    ps_block/versal_cips_0/U0/pspmc_0/U0/pmc_pl_ref_clk[0]
    BUFG_PS_X0Y6         BUFG_PS (Prop_BUFG_PS_I_O)
                                                      0.052     0.052 r  ps_block/versal_cips_0/U0/pspmc_0/U0/buffer_pl_clk_0.PL_CLK_0_BUFG/O
    X1Y1 (CLOCK_ROOT)    net (fo=1031, routed)        1.163     1.215    ps_block/axi_smc/inst/s00_nodes/s00_w_node/inst/inst_mi_handler/gen_normal_area.inst_fifo_node_payld/gen_reg_fifo.inst_reg_fifo/s_sc_aclk
    SLICE_X52Y23         FDRE                                         r  ps_block/axi_smc/inst/s00_nodes/s00_w_node/inst/inst_mi_handler/gen_normal_area.inst_fifo_node_payld/gen_reg_fifo.inst_reg_fifo/gen_single_rank.data_reg[24]/C
  -------------------------------------------------------------------    -------------------
    SLICE_X52Y23         FDRE (Prop_AFF2_SLICEL_C_Q)
                                                      0.058     1.273 r  ps_block/axi_smc/inst/s00_nodes/s00_w_node/inst/inst_mi_handler/gen_normal_area.inst_fifo_node_payld/gen_reg_fifo.inst_reg_fifo/gen_single_rank.data_reg[24]/Q
                         net (fo=3, routed)           0.124     1.397    ps_block/MyLEDIP_0/U0/s00_axi_wdata[7]
    SLICE_X52Y22         FDRE                                         r  ps_block/MyLEDIP_0/U0/slv_reg0_reg[7]/D
  -------------------------------------------------------------------    -------------------

                         (clock clk_pl_0 rise edge)
                                                      0.000     0.000 r  
    PS9_X0Y0             PS9                          0.000     0.000 r  ps_block/versal_cips_0/U0/pspmc_0/U0/PS9_inst/PMCRCLKCLK[0]
                         net (fo=1, routed)           0.000     0.000    ps_block/versal_cips_0/U0/pspmc_0/U0/pmc_pl_ref_clk[0]
    BUFG_PS_X0Y6         BUFG_PS (Prop_BUFG_PS_I_O)
                                                      0.096     0.096 r  ps_block/versal_cips_0/U0/pspmc_0/U0/buffer_pl_clk_0.PL_CLK_0_BUFG/O
    X1Y1 (CLOCK_ROOT)    net (fo=1031, routed)        1.326     1.422    ps_block/MyLEDIP_0/U0/s00_axi_aclk
    SLICE_X52Y22         FDRE                                         r  ps_block/MyLEDIP_0/U0/slv_reg0_reg[7]/C
                         clock pessimism             -0.145     1.277    
    SLICE_X52Y22         FDRE (Hold_BFF_SLICEL_C_D)
                                                      0.045     1.322    ps_block/MyLEDIP_0/U0/slv_reg0_reg[7]
  -------------------------------------------------------------------
                         required time                         -1.322    
                         arrival time                           1.397    
  -------------------------------------------------------------------
                         slack                                  0.075    

Slack (MET) :             0.079ns  (arrival time - required time)
  Source:                 ps_block/MyLEDIP_0/U0/slv_reg0_reg[2]/C
                            (rising edge-triggered cell FDRE clocked by clk_pl_0  {rise@0.000ns fall@5.000ns period=10.000ns})
  Destination:            ps_block/MyLEDIP_0/U0/slv_reg1_reg[2]/D
                            (rising edge-triggered cell FDRE clocked by clk_pl_0  {rise@0.000ns fall@5.000ns period=10.000ns})
  Path Group:             clk_pl_0
  Path Type:              Hold (Min at Fast Process Corner)
  Requirement:            0.000ns  (clk_pl_0 rise@0.000ns - clk_pl_0 rise@0.000ns)
  Data Path Delay:        0.212ns  (logic 0.057ns (26.848%)  route 0.155ns (73.152%))
  Logic Levels:           0  
  Clock Path Skew:        0.089ns (DCD - SCD - CPR)
    Destination Clock Delay (DCD):    1.413ns
    Source Clock Delay      (SCD):    1.208ns
    Clock Pessimism Removal (CPR):    0.116ns
  Clock Net Delay (Source):      1.156ns (routing 0.165ns, distribution 0.991ns)
  Clock Net Delay (Destination): 1.317ns (routing 0.187ns, distribution 1.130ns)

    Location             Delay type                Incr(ns)  Path(ns)    Netlist Resource(s)
  -------------------------------------------------------------------    -------------------
                         (clock clk_pl_0 rise edge)
                                                      0.000     0.000 r  
    PS9_X0Y0             PS9                          0.000     0.000 r  ps_block/versal_cips_0/U0/pspmc_0/U0/PS9_inst/PMCRCLKCLK[0]
                         net (fo=1, routed)           0.000     0.000    ps_block/versal_cips_0/U0/pspmc_0/U0/pmc_pl_ref_clk[0]
    BUFG_PS_X0Y6         BUFG_PS (Prop_BUFG_PS_I_O)
                                                      0.052     0.052 r  ps_block/versal_cips_0/U0/pspmc_0/U0/buffer_pl_clk_0.PL_CLK_0_BUFG/O
    X1Y1 (CLOCK_ROOT)    net (fo=1031, routed)        1.156     1.208    ps_block/MyLEDIP_0/U0/s00_axi_aclk
    SLICE_X53Y22         FDRE                                         r  ps_block/MyLEDIP_0/U0/slv_reg0_reg[2]/C
  -------------------------------------------------------------------    -------------------
    SLICE_X53Y22         FDRE (Prop_AFF_SLICEM_C_Q)
                                                      0.057     1.265 r  ps_block/MyLEDIP_0/U0/slv_reg0_reg[2]/Q
                         net (fo=2, routed)           0.155     1.421    ps_block/MyLEDIP_0/U0/slv_reg0[2]
    SLICE_X49Y22         FDRE                                         r  ps_block/MyLEDIP_0/U0/slv_reg1_reg[2]/D
  -------------------------------------------------------------------    -------------------

                         (clock clk_pl_0 rise edge)
                                                      0.000     0.000 r  
    PS9_X0Y0             PS9                          0.000     0.000 r  ps_block/versal_cips_0/U0/pspmc_0/U0/PS9_inst/PMCRCLKCLK[0]
                         net (fo=1, routed)           0.000     0.000    ps_block/versal_cips_0/U0/pspmc_0/U0/pmc_pl_ref_clk[0]
    BUFG_PS_X0Y6         BUFG_PS (Prop_BUFG_PS_I_O)
                                                      0.096     0.096 r  ps_block/versal_cips_0/U0/pspmc_0/U0/buffer_pl_clk_0.PL_CLK_0_BUFG/O
    X1Y1 (CLOCK_ROOT)    net (fo=1031, routed)        1.317     1.413    ps_block/MyLEDIP_0/U0/s00_axi_aclk
    SLICE_X49Y22         FDRE                                         r  ps_block/MyLEDIP_0/U0/slv_reg1_reg[2]/C
                         clock pessimism             -0.116     1.297    
    SLICE_X49Y22         FDRE (Hold_BFF2_SLICEM_C_D)
                                                      0.045     1.342    ps_block/MyLEDIP_0/U0/slv_reg1_reg[2]
  -------------------------------------------------------------------
                         required time                         -1.342    
                         arrival time                           1.421    
  -------------------------------------------------------------------
                         slack                                  0.079    

Slack (MET) :             0.079ns  (arrival time - required time)
  Source:                 ps_block/axi_smc/inst/s00_nodes/s00_w_node/inst/inst_mi_handler/gen_normal_area.inst_fifo_node_payld/gen_reg_fifo.inst_reg_fifo/gen_single_rank.data_reg[35]/C
                            (rising edge-triggered cell FDRE clocked by clk_pl_0  {rise@0.000ns fall@5.000ns period=10.000ns})
  Destination:            ps_block/MyLEDIP_0/U0/slv_reg0_reg[16]/D
                            (rising edge-triggered cell FDRE clocked by clk_pl_0  {rise@0.000ns fall@5.000ns period=10.000ns})
  Path Group:             clk_pl_0
  Path Type:              Hold (Min at Fast Process Corner)
  Requirement:            0.000ns  (clk_pl_0 rise@0.000ns - clk_pl_0 rise@0.000ns)
  Data Path Delay:        0.204ns  (logic 0.058ns (28.387%)  route 0.146ns (71.613%))
  Logic Levels:           0  
  Clock Path Skew:        0.080ns (DCD - SCD - CPR)
    Destination Clock Delay (DCD):    1.409ns
    Source Clock Delay      (SCD):    1.212ns
    Clock Pessimism Removal (CPR):    0.116ns
  Clock Net Delay (Source):      1.160ns (routing 0.165ns, distribution 0.995ns)
  Clock Net Delay (Destination): 1.313ns (routing 0.187ns, distribution 1.126ns)

    Location             Delay type                Incr(ns)  Path(ns)    Netlist Resource(s)
  -------------------------------------------------------------------    -------------------
                         (clock clk_pl_0 rise edge)
                                                      0.000     0.000 r  
    PS9_X0Y0             PS9                          0.000     0.000 r  ps_block/versal_cips_0/U0/pspmc_0/U0/PS9_inst/PMCRCLKCLK[0]
                         net (fo=1, routed)           0.000     0.000    ps_block/versal_cips_0/U0/pspmc_0/U0/pmc_pl_ref_clk[0]
    BUFG_PS_X0Y6         BUFG_PS (Prop_BUFG_PS_I_O)
                                                      0.052     0.052 r  ps_block/versal_cips_0/U0/pspmc_0/U0/buffer_pl_clk_0.PL_CLK_0_BUFG/O
    X1Y1 (CLOCK_ROOT)    net (fo=1031, routed)        1.160     1.212    ps_block/axi_smc/inst/s00_nodes/s00_w_node/inst/inst_mi_handler/gen_normal_area.inst_fifo_node_payld/gen_reg_fifo.inst_reg_fifo/s_sc_aclk
    SLICE_X48Y27         FDRE                                         r  ps_block/axi_smc/inst/s00_nodes/s00_w_node/inst/inst_mi_handler/gen_normal_area.inst_fifo_node_payld/gen_reg_fifo.inst_reg_fifo/gen_single_rank.data_reg[35]/C
  -------------------------------------------------------------------    -------------------
    SLICE_X48Y27         FDRE (Prop_GFF_SLICEL_C_Q)
                                                      0.058     1.270 r  ps_block/axi_smc/inst/s00_nodes/s00_w_node/inst/inst_mi_handler/gen_normal_area.inst_fifo_node_payld/gen_reg_fifo.inst_reg_fifo/gen_single_rank.data_reg[35]/Q
                         net (fo=3, routed)           0.146     1.417    ps_block/MyLEDIP_0/U0/s00_axi_wdata[16]
    SLICE_X53Y27         FDRE                                         r  ps_block/MyLEDIP_0/U0/slv_reg0_reg[16]/D
  -------------------------------------------------------------------    -------------------

                         (clock clk_pl_0 rise edge)
                                                      0.000     0.000 r  
    PS9_X0Y0             PS9                          0.000     0.000 r  ps_block/versal_cips_0/U0/pspmc_0/U0/PS9_inst/PMCRCLKCLK[0]
                         net (fo=1, routed)           0.000     0.000    ps_block/versal_cips_0/U0/pspmc_0/U0/pmc_pl_ref_clk[0]
    BUFG_PS_X0Y6         BUFG_PS (Prop_BUFG_PS_I_O)
                                                      0.096     0.096 r  ps_block/versal_cips_0/U0/pspmc_0/U0/buffer_pl_clk_0.PL_CLK_0_BUFG/O
    X1Y1 (CLOCK_ROOT)    net (fo=1031, routed)        1.313     1.409    ps_block/MyLEDIP_0/U0/s00_axi_aclk
    SLICE_X53Y27         FDRE                                         r  ps_block/MyLEDIP_0/U0/slv_reg0_reg[16]/C
                         clock pessimism             -0.116     1.293    
    SLICE_X53Y27         FDRE (Hold_AFF_SLICEM_C_D)
                                                      0.045     1.338    ps_block/MyLEDIP_0/U0/slv_reg0_reg[16]
  -------------------------------------------------------------------
                         required time                         -1.338    
                         arrival time                           1.417    
  -------------------------------------------------------------------
                         slack                                  0.079    

Slack (MET) :             0.079ns  (arrival time - required time)
  Source:                 ps_block/axi_smc/inst/s00_nodes/s00_w_node/inst/inst_mi_handler/gen_normal_area.inst_fifo_node_payld/gen_reg_fifo.inst_reg_fifo/gen_single_rank.data_reg[48]/C
                            (rising edge-triggered cell FDRE clocked by clk_pl_0  {rise@0.000ns fall@5.000ns period=10.000ns})
  Destination:            ps_block/MyLEDIP_0/U0/slv_reg3_reg[28]/D
                            (rising edge-triggered cell FDRE clocked by clk_pl_0  {rise@0.000ns fall@5.000ns period=10.000ns})
  Path Group:             clk_pl_0
  Path Type:              Hold (Min at Fast Process Corner)
  Requirement:            0.000ns  (clk_pl_0 rise@0.000ns - clk_pl_0 rise@0.000ns)
  Data Path Delay:        0.221ns  (logic 0.057ns (25.744%)  route 0.164ns (74.256%))
  Logic Levels:           0  
  Clock Path Skew:        0.097ns (DCD - SCD - CPR)
    Destination Clock Delay (DCD):    1.416ns
    Source Clock Delay      (SCD):    1.203ns
    Clock Pessimism Removal (CPR):    0.116ns
  Clock Net Delay (Source):      1.151ns (routing 0.165ns, distribution 0.986ns)
  Clock Net Delay (Destination): 1.320ns (routing 0.187ns, distribution 1.133ns)

    Location             Delay type                Incr(ns)  Path(ns)    Netlist Resource(s)
  -------------------------------------------------------------------    -------------------
                         (clock clk_pl_0 rise edge)
                                                      0.000     0.000 r  
    PS9_X0Y0             PS9                          0.000     0.000 r  ps_block/versal_cips_0/U0/pspmc_0/U0/PS9_inst/PMCRCLKCLK[0]
                         net (fo=1, routed)           0.000     0.000    ps_block/versal_cips_0/U0/pspmc_0/U0/pmc_pl_ref_clk[0]
    BUFG_PS_X0Y6         BUFG_PS (Prop_BUFG_PS_I_O)
                                                      0.052     0.052 r  ps_block/versal_cips_0/U0/pspmc_0/U0/buffer_pl_clk_0.PL_CLK_0_BUFG/O
    X1Y1 (CLOCK_ROOT)    net (fo=1031, routed)        1.151     1.203    ps_block/axi_smc/inst/s00_nodes/s00_w_node/inst/inst_mi_handler/gen_normal_area.inst_fifo_node_payld/gen_reg_fifo.inst_reg_fifo/s_sc_aclk
    SLICE_X51Y29         FDRE                                         r  ps_block/axi_smc/inst/s00_nodes/s00_w_node/inst/inst_mi_handler/gen_normal_area.inst_fifo_node_payld/gen_reg_fifo.inst_reg_fifo/gen_single_rank.data_reg[48]/C
  -------------------------------------------------------------------    -------------------
    SLICE_X51Y29         FDRE (Prop_CFF_SLICEM_C_Q)
                                                      0.057     1.260 r  ps_block/axi_smc/inst/s00_nodes/s00_w_node/inst/inst_mi_handler/gen_normal_area.inst_fifo_node_payld/gen_reg_fifo.inst_reg_fifo/gen_single_rank.data_reg[48]/Q
                         net (fo=3, routed)           0.164     1.425    ps_block/MyLEDIP_0/U0/s00_axi_wdata[28]
    SLICE_X52Y30         FDRE                                         r  ps_block/MyLEDIP_0/U0/slv_reg3_reg[28]/D
  -------------------------------------------------------------------    -------------------

                         (clock clk_pl_0 rise edge)
                                                      0.000     0.000 r  
    PS9_X0Y0             PS9                          0.000     0.000 r  ps_block/versal_cips_0/U0/pspmc_0/U0/PS9_inst/PMCRCLKCLK[0]
                         net (fo=1, routed)           0.000     0.000    ps_block/versal_cips_0/U0/pspmc_0/U0/pmc_pl_ref_clk[0]
    BUFG_PS_X0Y6         BUFG_PS (Prop_BUFG_PS_I_O)
                                                      0.096     0.096 r  ps_block/versal_cips_0/U0/pspmc_0/U0/buffer_pl_clk_0.PL_CLK_0_BUFG/O
    X1Y1 (CLOCK_ROOT)    net (fo=1031, routed)        1.320     1.416    ps_block/MyLEDIP_0/U0/s00_axi_aclk
    SLICE_X52Y30         FDRE                                         r  ps_block/MyLEDIP_0/U0/slv_reg3_reg[28]/C
                         clock pessimism             -0.116     1.300    
    SLICE_X52Y30         FDRE (Hold_GFF_SLICEL_C_D)
                                                      0.045     1.345    ps_block/MyLEDIP_0/U0/slv_reg3_reg[28]
  -------------------------------------------------------------------
                         required time                         -1.345    
                         arrival time                           1.425    
  -------------------------------------------------------------------
                         slack                                  0.079    

Slack (MET) :             0.080ns  (arrival time - required time)
  Source:                 ps_block/axi_smc/inst/s00_entry_pipeline/s00_mmu/inst/ar_reg_stall/m_vector_i_reg[1037]/C
                            (rising edge-triggered cell FDRE clocked by clk_pl_0  {rise@0.000ns fall@5.000ns period=10.000ns})
  Destination:            ps_block/axi_smc/inst/s00_entry_pipeline/s00_mmu/inst/gen_endpoint.decerr_slave_inst/gen_axi.gen_read.s_axi_rid_i_reg[8]/D
                            (rising edge-triggered cell FDRE clocked by clk_pl_0  {rise@0.000ns fall@5.000ns period=10.000ns})
  Path Group:             clk_pl_0
  Path Type:              Hold (Min at Fast Process Corner)
  Requirement:            0.000ns  (clk_pl_0 rise@0.000ns - clk_pl_0 rise@0.000ns)
  Data Path Delay:        0.187ns  (logic 0.058ns (30.998%)  route 0.129ns (69.002%))
  Logic Levels:           0  
  Clock Path Skew:        0.062ns (DCD - SCD - CPR)
    Destination Clock Delay (DCD):    1.421ns
    Source Clock Delay      (SCD):    1.214ns
    Clock Pessimism Removal (CPR):    0.145ns
  Clock Net Delay (Source):      1.162ns (routing 0.165ns, distribution 0.997ns)
  Clock Net Delay (Destination): 1.325ns (routing 0.187ns, distribution 1.138ns)

    Location             Delay type                Incr(ns)  Path(ns)    Netlist Resource(s)
  -------------------------------------------------------------------    -------------------
                         (clock clk_pl_0 rise edge)
                                                      0.000     0.000 r  
    PS9_X0Y0             PS9                          0.000     0.000 r  ps_block/versal_cips_0/U0/pspmc_0/U0/PS9_inst/PMCRCLKCLK[0]
                         net (fo=1, routed)           0.000     0.000    ps_block/versal_cips_0/U0/pspmc_0/U0/pmc_pl_ref_clk[0]
    BUFG_PS_X0Y6         BUFG_PS (Prop_BUFG_PS_I_O)
                                                      0.052     0.052 r  ps_block/versal_cips_0/U0/pspmc_0/U0/buffer_pl_clk_0.PL_CLK_0_BUFG/O
    X1Y1 (CLOCK_ROOT)    net (fo=1031, routed)        1.162     1.214    ps_block/axi_smc/inst/s00_entry_pipeline/s00_mmu/inst/ar_reg_stall/aclk
    SLICE_X48Y24         FDRE                                         r  ps_block/axi_smc/inst/s00_entry_pipeline/s00_mmu/inst/ar_reg_stall/m_vector_i_reg[1037]/C
  -------------------------------------------------------------------    -------------------
    SLICE_X48Y24         FDRE (Prop_AFF_SLICEL_C_Q)
                                                      0.058     1.272 r  ps_block/axi_smc/inst/s00_entry_pipeline/s00_mmu/inst/ar_reg_stall/m_vector_i_reg[1037]/Q
                         net (fo=2, routed)           0.129     1.401    ps_block/axi_smc/inst/s00_entry_pipeline/s00_mmu/inst/gen_endpoint.decerr_slave_inst/m_vector[8]
    SLICE_X48Y23         FDRE                                         r  ps_block/axi_smc/inst/s00_entry_pipeline/s00_mmu/inst/gen_endpoint.decerr_slave_inst/gen_axi.gen_read.s_axi_rid_i_reg[8]/D
  -------------------------------------------------------------------    -------------------

                         (clock clk_pl_0 rise edge)
                                                      0.000     0.000 r  
    PS9_X0Y0             PS9                          0.000     0.000 r  ps_block/versal_cips_0/U0/pspmc_0/U0/PS9_inst/PMCRCLKCLK[0]
                         net (fo=1, routed)           0.000     0.000    ps_block/versal_cips_0/U0/pspmc_0/U0/pmc_pl_ref_clk[0]
    BUFG_PS_X0Y6         BUFG_PS (Prop_BUFG_PS_I_O)
                                                      0.096     0.096 r  ps_block/versal_cips_0/U0/pspmc_0/U0/buffer_pl_clk_0.PL_CLK_0_BUFG/O
    X1Y1 (CLOCK_ROOT)    net (fo=1031, routed)        1.325     1.421    ps_block/axi_smc/inst/s00_entry_pipeline/s00_mmu/inst/gen_endpoint.decerr_slave_inst/aclk
    SLICE_X48Y23         FDRE                                         r  ps_block/axi_smc/inst/s00_entry_pipeline/s00_mmu/inst/gen_endpoint.decerr_slave_inst/gen_axi.gen_read.s_axi_rid_i_reg[8]/C
                         clock pessimism             -0.145     1.276    
    SLICE_X48Y23         FDRE (Hold_BFF2_SLICEL_C_D)
                                                      0.045     1.321    ps_block/axi_smc/inst/s00_entry_pipeline/s00_mmu/inst/gen_endpoint.decerr_slave_inst/gen_axi.gen_read.s_axi_rid_i_reg[8]
  -------------------------------------------------------------------
                         required time                         -1.321    
                         arrival time                           1.401    
  -------------------------------------------------------------------
                         slack                                  0.080    





Pulse Width Checks
--------------------------------------------------------------------------------------
Clock Name:         clk_pl_0
Waveform(ns):       { 0.000 5.000 }
Period(ns):         10.000
Sources:            { ps_block/versal_cips_0/U0/pspmc_0/U0/PS9_inst/PMCRCLKCLK[0] }

Check Type        Corner  Lib Pin          Reference Pin  Required(ns)  Actual(ns)  Slack(ns)  Location      Pin
Min Period        n/a     PS9/MAXIGP0ACLK  n/a            4.000         10.000      6.000      PS9_X0Y0      ps_block/versal_cips_0/U0/pspmc_0/U0/PS9_inst/MAXIGP0ACLK
Min Period        n/a     BUFG_PS/I        n/a            1.471         10.000      8.529      BUFG_PS_X0Y6  ps_block/versal_cips_0/U0/pspmc_0/U0/buffer_pl_clk_0.PL_CLK_0_BUFG/I
Min Period        n/a     SRL16E/CLK       n/a            1.428         10.000      8.572      SLICE_X55Y34  ps_block/axi_smc/inst/clk_map/psr_aclk/U0/EXT_LPF/POR_SRL_I/CLK
Min Period        n/a     SRL16E/CLK       n/a            1.428         10.000      8.572      SLICE_X61Y3   ps_block/rst_versal_cips_0_100M/U0/EXT_LPF/POR_SRL_I/CLK
Min Period        n/a     FDRE/C           n/a            0.550         10.000      9.450      SLICE_X57Y26  ps_block/MyLEDIP_0/U0/FSM_sequential_state_read_reg[0]/C
Min Period        n/a     FDRE/C           n/a            0.550         10.000      9.450      SLICE_X57Y26  ps_block/MyLEDIP_0/U0/FSM_sequential_state_read_reg[1]/C
Min Period        n/a     FDRE/C           n/a            0.550         10.000      9.450      SLICE_X56Y23  ps_block/MyLEDIP_0/U0/FSM_sequential_state_write_reg[0]/C
Min Period        n/a     FDRE/C           n/a            0.550         10.000      9.450      SLICE_X56Y23  ps_block/MyLEDIP_0/U0/FSM_sequential_state_write_reg[1]/C
Min Period        n/a     FDRE/C           n/a            0.550         10.000      9.450      SLICE_X55Y29  ps_block/MyLEDIP_0/U0/axi_araddr_reg[2]/C
Min Period        n/a     FDRE/C           n/a            0.550         10.000      9.450      SLICE_X55Y29  ps_block/MyLEDIP_0/U0/axi_araddr_reg[3]/C
Low Pulse Width   Slow    PS9/MAXIGP0ACLK  n/a            2.000         5.000       3.000      PS9_X0Y0      ps_block/versal_cips_0/U0/pspmc_0/U0/PS9_inst/MAXIGP0ACLK
Low Pulse Width   Fast    PS9/MAXIGP0ACLK  n/a            2.000         5.000       3.000      PS9_X0Y0      ps_block/versal_cips_0/U0/pspmc_0/U0/PS9_inst/MAXIGP0ACLK
Low Pulse Width   Slow    SRL16E/CLK       n/a            0.714         5.000       4.286      SLICE_X55Y34  ps_block/axi_smc/inst/clk_map/psr_aclk/U0/EXT_LPF/POR_SRL_I/CLK
Low Pulse Width   Fast    SRL16E/CLK       n/a            0.714         5.000       4.286      SLICE_X55Y34  ps_block/axi_smc/inst/clk_map/psr_aclk/U0/EXT_LPF/POR_SRL_I/CLK
Low Pulse Width   Slow    SRL16E/CLK       n/a            0.714         5.000       4.286      SLICE_X61Y3   ps_block/rst_versal_cips_0_100M/U0/EXT_LPF/POR_SRL_I/CLK
Low Pulse Width   Fast    SRL16E/CLK       n/a            0.714         5.000       4.286      SLICE_X61Y3   ps_block/rst_versal_cips_0_100M/U0/EXT_LPF/POR_SRL_I/CLK
Low Pulse Width   Slow    BUFG_PS/I        n/a            0.400         5.000       4.600      BUFG_PS_X0Y6  ps_block/versal_cips_0/U0/pspmc_0/U0/buffer_pl_clk_0.PL_CLK_0_BUFG/I
Low Pulse Width   Fast    BUFG_PS/I        n/a            0.400         5.000       4.600      BUFG_PS_X0Y6  ps_block/versal_cips_0/U0/pspmc_0/U0/buffer_pl_clk_0.PL_CLK_0_BUFG/I
Low Pulse Width   Slow    FDRE/C           n/a            0.275         5.000       4.725      SLICE_X57Y26  ps_block/MyLEDIP_0/U0/FSM_sequential_state_read_reg[0]/C
Low Pulse Width   Fast    FDRE/C           n/a            0.275         5.000       4.725      SLICE_X57Y26  ps_block/MyLEDIP_0/U0/FSM_sequential_state_read_reg[0]/C
High Pulse Width  Slow    PS9/MAXIGP0ACLK  n/a            2.000         5.000       3.000      PS9_X0Y0      ps_block/versal_cips_0/U0/pspmc_0/U0/PS9_inst/MAXIGP0ACLK
High Pulse Width  Fast    PS9/MAXIGP0ACLK  n/a            2.000         5.000       3.000      PS9_X0Y0      ps_block/versal_cips_0/U0/pspmc_0/U0/PS9_inst/MAXIGP0ACLK
High Pulse Width  Slow    SRL16E/CLK       n/a            0.714         5.000       4.286      SLICE_X55Y34  ps_block/axi_smc/inst/clk_map/psr_aclk/U0/EXT_LPF/POR_SRL_I/CLK
High Pulse Width  Fast    SRL16E/CLK       n/a            0.714         5.000       4.286      SLICE_X55Y34  ps_block/axi_smc/inst/clk_map/psr_aclk/U0/EXT_LPF/POR_SRL_I/CLK
High Pulse Width  Slow    SRL16E/CLK       n/a            0.714         5.000       4.286      SLICE_X61Y3   ps_block/rst_versal_cips_0_100M/U0/EXT_LPF/POR_SRL_I/CLK
High Pulse Width  Fast    SRL16E/CLK       n/a            0.714         5.000       4.286      SLICE_X61Y3   ps_block/rst_versal_cips_0_100M/U0/EXT_LPF/POR_SRL_I/CLK
High Pulse Width  Slow    BUFG_PS/I        n/a            0.400         5.000       4.600      BUFG_PS_X0Y6  ps_block/versal_cips_0/U0/pspmc_0/U0/buffer_pl_clk_0.PL_CLK_0_BUFG/I
High Pulse Width  Fast    BUFG_PS/I        n/a            0.400         5.000       4.600      BUFG_PS_X0Y6  ps_block/versal_cips_0/U0/pspmc_0/U0/buffer_pl_clk_0.PL_CLK_0_BUFG/I
High Pulse Width  Slow    FDRE/C           n/a            0.275         5.000       4.725      SLICE_X57Y26  ps_block/MyLEDIP_0/U0/FSM_sequential_state_read_reg[0]/C
High Pulse Width  Fast    FDRE/C           n/a            0.275         5.000       4.725      SLICE_X57Y26  ps_block/MyLEDIP_0/U0/FSM_sequential_state_read_reg[0]/C



---------------------------------------------------------------------------------------------------
From Clock:  sys_clk_p
  To Clock:  sys_clk_p

Setup :           NA  Failing Endpoints,  Worst Slack           NA  ,  Total Violation           NA
Hold  :           NA  Failing Endpoints,  Worst Slack           NA  ,  Total Violation           NA
PW    :            0  Failing Endpoints,  Worst Slack        2.109ns,  Total Violation        0.000ns
---------------------------------------------------------------------------------------------------


Pulse Width Checks
--------------------------------------------------------------------------------------
Clock Name:         sys_clk_p
Waveform(ns):       { 0.000 2.500 }
Period(ns):         5.000
Sources:            { sys_clk_p }

Check Type        Corner  Lib Pin     Reference Pin  Required(ns)  Actual(ns)  Slack(ns)  Location   Pin
Min Period        n/a     XPLL/CLKIN  n/a            1.250         5.000       3.750      XPLL_X2Y0  ps_block/axi_noc_0/inst/MC0_ddrc/inst/noc_ddr4_phy/inst/u_xpll0_bank1/CLKIN
Max Period        n/a     XPLL/CLKIN  n/a            10.000        5.000       5.000      XPLL_X2Y0  ps_block/axi_noc_0/inst/MC0_ddrc/inst/noc_ddr4_phy/inst/u_xpll0_bank1/CLKIN
Low Pulse Width   Slow    XPLL/CLKIN  n/a            0.391         2.500       2.109      XPLL_X2Y0  ps_block/axi_noc_0/inst/MC0_ddrc/inst/noc_ddr4_phy/inst/u_xpll0_bank1/CLKIN
Low Pulse Width   Fast    XPLL/CLKIN  n/a            0.391         2.500       2.109      XPLL_X2Y0  ps_block/axi_noc_0/inst/MC0_ddrc/inst/noc_ddr4_phy/inst/u_xpll0_bank1/CLKIN
High Pulse Width  Slow    XPLL/CLKIN  n/a            0.391         2.500       2.109      XPLL_X2Y0  ps_block/axi_noc_0/inst/MC0_ddrc/inst/noc_ddr4_phy/inst/u_xpll0_bank1/CLKIN
High Pulse Width  Fast    XPLL/CLKIN  n/a            0.391         2.500       2.109      XPLL_X2Y0  ps_block/axi_noc_0/inst/MC0_ddrc/inst/noc_ddr4_phy/inst/u_xpll0_bank1/CLKIN



---------------------------------------------------------------------------------------------------
From Clock:  bank1_clkout0
  To Clock:  bank1_clkout0

Setup :           NA  Failing Endpoints,  Worst Slack           NA  ,  Total Violation           NA
Hold  :           NA  Failing Endpoints,  Worst Slack           NA  ,  Total Violation           NA
PW    :            0  Failing Endpoints,  Worst Slack        0.000ns,  Total Violation        0.000ns
---------------------------------------------------------------------------------------------------


Pulse Width Checks
--------------------------------------------------------------------------------------
Clock Name:         bank1_clkout0
Waveform(ns):       { 0.000 0.625 }
Period(ns):         1.250
Sources:            { ps_block/axi_noc_0/inst/MC0_ddrc/inst/noc_ddr4_phy/inst/u_xpll0_bank1/CLKOUT0 }

Check Type        Corner  Lib Pin       Reference Pin  Required(ns)  Actual(ns)  Slack(ns)  Location   Pin
Min Period        n/a     XPLL/CLKIN    n/a            1.250         1.250       0.000      XPLL_X0Y0  ps_block/axi_noc_0/inst/MC0_ddrc/inst/noc_ddr4_phy/inst/u_xpll0_bank0/CLKIN
Min Period        n/a     XPLL/CLKOUT0  n/a            1.250         1.250       0.000      XPLL_X2Y0  ps_block/axi_noc_0/inst/MC0_ddrc/inst/noc_ddr4_phy/inst/u_xpll0_bank1/CLKOUT0
Min Period        n/a     XPLL/CLKIN    n/a            1.250         1.250       0.000      XPLL_X4Y0  ps_block/axi_noc_0/inst/MC0_ddrc/inst/noc_ddr4_phy/inst/u_xpll0_bank2/CLKIN
Max Period        n/a     XPLL/CLKIN    n/a            10.000        1.250       8.750      XPLL_X0Y0  ps_block/axi_noc_0/inst/MC0_ddrc/inst/noc_ddr4_phy/inst/u_xpll0_bank0/CLKIN
Max Period        n/a     XPLL/CLKIN    n/a            10.000        1.250       8.750      XPLL_X4Y0  ps_block/axi_noc_0/inst/MC0_ddrc/inst/noc_ddr4_phy/inst/u_xpll0_bank2/CLKIN
Low Pulse Width   Slow    XPLL/CLKIN    n/a            0.391         0.625       0.234      XPLL_X0Y0  ps_block/axi_noc_0/inst/MC0_ddrc/inst/noc_ddr4_phy/inst/u_xpll0_bank0/CLKIN
Low Pulse Width   Fast    XPLL/CLKIN    n/a            0.391         0.625       0.234      XPLL_X0Y0  ps_block/axi_noc_0/inst/MC0_ddrc/inst/noc_ddr4_phy/inst/u_xpll0_bank0/CLKIN
Low Pulse Width   Slow    XPLL/CLKIN    n/a            0.391         0.625       0.234      XPLL_X4Y0  ps_block/axi_noc_0/inst/MC0_ddrc/inst/noc_ddr4_phy/inst/u_xpll0_bank2/CLKIN
Low Pulse Width   Fast    XPLL/CLKIN    n/a            0.391         0.625       0.234      XPLL_X4Y0  ps_block/axi_noc_0/inst/MC0_ddrc/inst/noc_ddr4_phy/inst/u_xpll0_bank2/CLKIN
High Pulse Width  Slow    XPLL/CLKIN    n/a            0.391         0.625       0.234      XPLL_X0Y0  ps_block/axi_noc_0/inst/MC0_ddrc/inst/noc_ddr4_phy/inst/u_xpll0_bank0/CLKIN
High Pulse Width  Fast    XPLL/CLKIN    n/a            0.391         0.625       0.234      XPLL_X0Y0  ps_block/axi_noc_0/inst/MC0_ddrc/inst/noc_ddr4_phy/inst/u_xpll0_bank0/CLKIN
High Pulse Width  Slow    XPLL/CLKIN    n/a            0.391         0.625       0.234      XPLL_X4Y0  ps_block/axi_noc_0/inst/MC0_ddrc/inst/noc_ddr4_phy/inst/u_xpll0_bank2/CLKIN
High Pulse Width  Fast    XPLL/CLKIN    n/a            0.391         0.625       0.234      XPLL_X4Y0  ps_block/axi_noc_0/inst/MC0_ddrc/inst/noc_ddr4_phy/inst/u_xpll0_bank2/CLKIN



---------------------------------------------------------------------------------------------------
From Clock:  pll_clktoxphy[0]
  To Clock:  pll_clktoxphy[0]

Setup :           NA  Failing Endpoints,  Worst Slack           NA  ,  Total Violation           NA
Hold  :           NA  Failing Endpoints,  Worst Slack           NA  ,  Total Violation           NA
PW    :            0  Failing Endpoints,  Worst Slack        0.044ns,  Total Violation        0.000ns
---------------------------------------------------------------------------------------------------


Pulse Width Checks
--------------------------------------------------------------------------------------
Clock Name:         pll_clktoxphy[0]
Waveform(ns):       { 0.000 0.156 }
Period(ns):         0.312
Sources:            { ps_block/axi_noc_0/inst/MC0_ddrc/inst/noc_ddr4_phy/inst/u_xpll0_bank0/CLKOUTPHY }

Check Type        Corner  Lib Pin         Reference Pin  Required(ns)  Actual(ns)  Slack(ns)  Location   Pin
Min Period        n/a     XPHY/PLL_CLK    n/a            0.268         0.312       0.044      XPHY_X0Y0  ps_block/axi_noc_0/inst/MC0_ddrc/inst/noc_ddr4_phy/inst/BANK_WRAPPER_INST0/NIBBLE[0].UNISIM.I_XPHY/PLL_CLK
Min Period        n/a     XPHY/PLL_CLK    n/a            0.268         0.312       0.044      XPHY_X1Y0  ps_block/axi_noc_0/inst/MC0_ddrc/inst/noc_ddr4_phy/inst/BANK_WRAPPER_INST0/NIBBLE[1].UNISIM.I_XPHY/PLL_CLK
Min Period        n/a     XPHY/PLL_CLK    n/a            0.268         0.312       0.044      XPHY_X2Y0  ps_block/axi_noc_0/inst/MC0_ddrc/inst/noc_ddr4_phy/inst/BANK_WRAPPER_INST0/NIBBLE[2].UNISIM.I_XPHY/PLL_CLK
Min Period        n/a     XPHY/PLL_CLK    n/a            0.268         0.312       0.044      XPHY_X3Y0  ps_block/axi_noc_0/inst/MC0_ddrc/inst/noc_ddr4_phy/inst/BANK_WRAPPER_INST0/NIBBLE[3].UNISIM.I_XPHY/PLL_CLK
Min Period        n/a     XPHY/PLL_CLK    n/a            0.268         0.312       0.044      XPHY_X5Y0  ps_block/axi_noc_0/inst/MC0_ddrc/inst/noc_ddr4_phy/inst/BANK_WRAPPER_INST0/NIBBLE[4].UNISIM.I_XPHY/PLL_CLK
Min Period        n/a     XPHY/PLL_CLK    n/a            0.268         0.312       0.044      XPHY_X6Y0  ps_block/axi_noc_0/inst/MC0_ddrc/inst/noc_ddr4_phy/inst/BANK_WRAPPER_INST0/NIBBLE[5].UNISIM.I_XPHY/PLL_CLK
Min Period        n/a     XPHY/PLL_CLK    n/a            0.268         0.312       0.044      XPHY_X7Y0  ps_block/axi_noc_0/inst/MC0_ddrc/inst/noc_ddr4_phy/inst/BANK_WRAPPER_INST0/NIBBLE[6].UNISIM.I_XPHY/PLL_CLK
Min Period        n/a     XPHY/PLL_CLK    n/a            0.268         0.312       0.044      XPHY_X8Y0  ps_block/axi_noc_0/inst/MC0_ddrc/inst/noc_ddr4_phy/inst/BANK_WRAPPER_INST0/NIBBLE[7].UNISIM.I_XPHY/PLL_CLK
Min Period        n/a     XPHY/PLL_CLK    n/a            0.268         0.312       0.044      XPHY_X4Y0  ps_block/axi_noc_0/inst/MC0_ddrc/inst/noc_ddr4_phy/inst/BANK_WRAPPER_INST0/NIBBLE[8].UNISIM.I_XPHY/PLL_CLK
Min Period        n/a     XPLL/CLKOUTPHY  n/a            0.231         0.312       0.082      XPLL_X0Y0  ps_block/axi_noc_0/inst/MC0_ddrc/inst/noc_ddr4_phy/inst/u_xpll0_bank0/CLKOUTPHY
Low Pulse Width   Slow    XPHY/PLL_CLK    n/a            0.107         0.156       0.049      XPHY_X0Y0  ps_block/axi_noc_0/inst/MC0_ddrc/inst/noc_ddr4_phy/inst/BANK_WRAPPER_INST0/NIBBLE[0].UNISIM.I_XPHY/PLL_CLK
Low Pulse Width   Fast    XPHY/PLL_CLK    n/a            0.107         0.156       0.049      XPHY_X0Y0  ps_block/axi_noc_0/inst/MC0_ddrc/inst/noc_ddr4_phy/inst/BANK_WRAPPER_INST0/NIBBLE[0].UNISIM.I_XPHY/PLL_CLK
Low Pulse Width   Slow    XPHY/PLL_CLK    n/a            0.107         0.156       0.049      XPHY_X1Y0  ps_block/axi_noc_0/inst/MC0_ddrc/inst/noc_ddr4_phy/inst/BANK_WRAPPER_INST0/NIBBLE[1].UNISIM.I_XPHY/PLL_CLK
Low Pulse Width   Fast    XPHY/PLL_CLK    n/a            0.107         0.156       0.049      XPHY_X1Y0  ps_block/axi_noc_0/inst/MC0_ddrc/inst/noc_ddr4_phy/inst/BANK_WRAPPER_INST0/NIBBLE[1].UNISIM.I_XPHY/PLL_CLK
Low Pulse Width   Slow    XPHY/PLL_CLK    n/a            0.107         0.156       0.049      XPHY_X2Y0  ps_block/axi_noc_0/inst/MC0_ddrc/inst/noc_ddr4_phy/inst/BANK_WRAPPER_INST0/NIBBLE[2].UNISIM.I_XPHY/PLL_CLK
Low Pulse Width   Fast    XPHY/PLL_CLK    n/a            0.107         0.156       0.049      XPHY_X2Y0  ps_block/axi_noc_0/inst/MC0_ddrc/inst/noc_ddr4_phy/inst/BANK_WRAPPER_INST0/NIBBLE[2].UNISIM.I_XPHY/PLL_CLK
Low Pulse Width   Slow    XPHY/PLL_CLK    n/a            0.107         0.156       0.049      XPHY_X3Y0  ps_block/axi_noc_0/inst/MC0_ddrc/inst/noc_ddr4_phy/inst/BANK_WRAPPER_INST0/NIBBLE[3].UNISIM.I_XPHY/PLL_CLK
Low Pulse Width   Fast    XPHY/PLL_CLK    n/a            0.107         0.156       0.049      XPHY_X3Y0  ps_block/axi_noc_0/inst/MC0_ddrc/inst/noc_ddr4_phy/inst/BANK_WRAPPER_INST0/NIBBLE[3].UNISIM.I_XPHY/PLL_CLK
Low Pulse Width   Slow    XPHY/PLL_CLK    n/a            0.107         0.156       0.049      XPHY_X5Y0  ps_block/axi_noc_0/inst/MC0_ddrc/inst/noc_ddr4_phy/inst/BANK_WRAPPER_INST0/NIBBLE[4].UNISIM.I_XPHY/PLL_CLK
Low Pulse Width   Fast    XPHY/PLL_CLK    n/a            0.107         0.156       0.049      XPHY_X5Y0  ps_block/axi_noc_0/inst/MC0_ddrc/inst/noc_ddr4_phy/inst/BANK_WRAPPER_INST0/NIBBLE[4].UNISIM.I_XPHY/PLL_CLK
High Pulse Width  Slow    XPHY/PLL_CLK    n/a            0.107         0.156       0.049      XPHY_X0Y0  ps_block/axi_noc_0/inst/MC0_ddrc/inst/noc_ddr4_phy/inst/BANK_WRAPPER_INST0/NIBBLE[0].UNISIM.I_XPHY/PLL_CLK
High Pulse Width  Fast    XPHY/PLL_CLK    n/a            0.107         0.156       0.049      XPHY_X0Y0  ps_block/axi_noc_0/inst/MC0_ddrc/inst/noc_ddr4_phy/inst/BANK_WRAPPER_INST0/NIBBLE[0].UNISIM.I_XPHY/PLL_CLK
High Pulse Width  Slow    XPHY/PLL_CLK    n/a            0.107         0.156       0.049      XPHY_X1Y0  ps_block/axi_noc_0/inst/MC0_ddrc/inst/noc_ddr4_phy/inst/BANK_WRAPPER_INST0/NIBBLE[1].UNISIM.I_XPHY/PLL_CLK
High Pulse Width  Fast    XPHY/PLL_CLK    n/a            0.107         0.156       0.049      XPHY_X1Y0  ps_block/axi_noc_0/inst/MC0_ddrc/inst/noc_ddr4_phy/inst/BANK_WRAPPER_INST0/NIBBLE[1].UNISIM.I_XPHY/PLL_CLK
High Pulse Width  Slow    XPHY/PLL_CLK    n/a            0.107         0.156       0.049      XPHY_X2Y0  ps_block/axi_noc_0/inst/MC0_ddrc/inst/noc_ddr4_phy/inst/BANK_WRAPPER_INST0/NIBBLE[2].UNISIM.I_XPHY/PLL_CLK
High Pulse Width  Fast    XPHY/PLL_CLK    n/a            0.107         0.156       0.049      XPHY_X2Y0  ps_block/axi_noc_0/inst/MC0_ddrc/inst/noc_ddr4_phy/inst/BANK_WRAPPER_INST0/NIBBLE[2].UNISIM.I_XPHY/PLL_CLK
High Pulse Width  Slow    XPHY/PLL_CLK    n/a            0.107         0.156       0.049      XPHY_X3Y0  ps_block/axi_noc_0/inst/MC0_ddrc/inst/noc_ddr4_phy/inst/BANK_WRAPPER_INST0/NIBBLE[3].UNISIM.I_XPHY/PLL_CLK
High Pulse Width  Fast    XPHY/PLL_CLK    n/a            0.107         0.156       0.049      XPHY_X3Y0  ps_block/axi_noc_0/inst/MC0_ddrc/inst/noc_ddr4_phy/inst/BANK_WRAPPER_INST0/NIBBLE[3].UNISIM.I_XPHY/PLL_CLK
High Pulse Width  Slow    XPHY/PLL_CLK    n/a            0.107         0.156       0.049      XPHY_X5Y0  ps_block/axi_noc_0/inst/MC0_ddrc/inst/noc_ddr4_phy/inst/BANK_WRAPPER_INST0/NIBBLE[4].UNISIM.I_XPHY/PLL_CLK
High Pulse Width  Fast    XPHY/PLL_CLK    n/a            0.107         0.156       0.049      XPHY_X5Y0  ps_block/axi_noc_0/inst/MC0_ddrc/inst/noc_ddr4_phy/inst/BANK_WRAPPER_INST0/NIBBLE[4].UNISIM.I_XPHY/PLL_CLK



---------------------------------------------------------------------------------------------------
From Clock:  pll_clktoxphy[2]
  To Clock:  pll_clktoxphy[2]

Setup :           NA  Failing Endpoints,  Worst Slack           NA  ,  Total Violation           NA
Hold  :           NA  Failing Endpoints,  Worst Slack           NA  ,  Total Violation           NA
PW    :            0  Failing Endpoints,  Worst Slack        0.044ns,  Total Violation        0.000ns
---------------------------------------------------------------------------------------------------


Pulse Width Checks
--------------------------------------------------------------------------------------
Clock Name:         pll_clktoxphy[2]
Waveform(ns):       { 0.000 0.156 }
Period(ns):         0.312
Sources:            { ps_block/axi_noc_0/inst/MC0_ddrc/inst/noc_ddr4_phy/inst/u_xpll0_bank2/CLKOUTPHY }

Check Type        Corner  Lib Pin         Reference Pin  Required(ns)  Actual(ns)  Slack(ns)  Location    Pin
Min Period        n/a     XPHY/PLL_CLK    n/a            0.268         0.312       0.044      XPHY_X18Y0  ps_block/axi_noc_0/inst/MC0_ddrc/inst/noc_ddr4_phy/inst/BANK_WRAPPER_INST2/NIBBLE[0].UNISIM.I_XPHY/PLL_CLK
Min Period        n/a     XPHY/PLL_CLK    n/a            0.268         0.312       0.044      XPHY_X19Y0  ps_block/axi_noc_0/inst/MC0_ddrc/inst/noc_ddr4_phy/inst/BANK_WRAPPER_INST2/NIBBLE[1].UNISIM.I_XPHY/PLL_CLK
Min Period        n/a     XPHY/PLL_CLK    n/a            0.268         0.312       0.044      XPHY_X20Y0  ps_block/axi_noc_0/inst/MC0_ddrc/inst/noc_ddr4_phy/inst/BANK_WRAPPER_INST2/NIBBLE[2].UNISIM.I_XPHY/PLL_CLK
Min Period        n/a     XPHY/PLL_CLK    n/a            0.268         0.312       0.044      XPHY_X21Y0  ps_block/axi_noc_0/inst/MC0_ddrc/inst/noc_ddr4_phy/inst/BANK_WRAPPER_INST2/NIBBLE[3].UNISIM.I_XPHY/PLL_CLK
Min Period        n/a     XPLL/CLKOUTPHY  n/a            0.231         0.312       0.082      XPLL_X4Y0   ps_block/axi_noc_0/inst/MC0_ddrc/inst/noc_ddr4_phy/inst/u_xpll0_bank2/CLKOUTPHY
Low Pulse Width   Slow    XPHY/PLL_CLK    n/a            0.107         0.156       0.049      XPHY_X18Y0  ps_block/axi_noc_0/inst/MC0_ddrc/inst/noc_ddr4_phy/inst/BANK_WRAPPER_INST2/NIBBLE[0].UNISIM.I_XPHY/PLL_CLK
Low Pulse Width   Fast    XPHY/PLL_CLK    n/a            0.107         0.156       0.049      XPHY_X18Y0  ps_block/axi_noc_0/inst/MC0_ddrc/inst/noc_ddr4_phy/inst/BANK_WRAPPER_INST2/NIBBLE[0].UNISIM.I_XPHY/PLL_CLK
Low Pulse Width   Slow    XPHY/PLL_CLK    n/a            0.107         0.156       0.049      XPHY_X19Y0  ps_block/axi_noc_0/inst/MC0_ddrc/inst/noc_ddr4_phy/inst/BANK_WRAPPER_INST2/NIBBLE[1].UNISIM.I_XPHY/PLL_CLK
Low Pulse Width   Fast    XPHY/PLL_CLK    n/a            0.107         0.156       0.049      XPHY_X19Y0  ps_block/axi_noc_0/inst/MC0_ddrc/inst/noc_ddr4_phy/inst/BANK_WRAPPER_INST2/NIBBLE[1].UNISIM.I_XPHY/PLL_CLK
Low Pulse Width   Slow    XPHY/PLL_CLK    n/a            0.107         0.156       0.049      XPHY_X20Y0  ps_block/axi_noc_0/inst/MC0_ddrc/inst/noc_ddr4_phy/inst/BANK_WRAPPER_INST2/NIBBLE[2].UNISIM.I_XPHY/PLL_CLK
Low Pulse Width   Fast    XPHY/PLL_CLK    n/a            0.107         0.156       0.049      XPHY_X20Y0  ps_block/axi_noc_0/inst/MC0_ddrc/inst/noc_ddr4_phy/inst/BANK_WRAPPER_INST2/NIBBLE[2].UNISIM.I_XPHY/PLL_CLK
Low Pulse Width   Slow    XPHY/PLL_CLK    n/a            0.107         0.156       0.049      XPHY_X21Y0  ps_block/axi_noc_0/inst/MC0_ddrc/inst/noc_ddr4_phy/inst/BANK_WRAPPER_INST2/NIBBLE[3].UNISIM.I_XPHY/PLL_CLK
Low Pulse Width   Fast    XPHY/PLL_CLK    n/a            0.107         0.156       0.049      XPHY_X21Y0  ps_block/axi_noc_0/inst/MC0_ddrc/inst/noc_ddr4_phy/inst/BANK_WRAPPER_INST2/NIBBLE[3].UNISIM.I_XPHY/PLL_CLK
High Pulse Width  Slow    XPHY/PLL_CLK    n/a            0.107         0.156       0.049      XPHY_X18Y0  ps_block/axi_noc_0/inst/MC0_ddrc/inst/noc_ddr4_phy/inst/BANK_WRAPPER_INST2/NIBBLE[0].UNISIM.I_XPHY/PLL_CLK
High Pulse Width  Fast    XPHY/PLL_CLK    n/a            0.107         0.156       0.049      XPHY_X18Y0  ps_block/axi_noc_0/inst/MC0_ddrc/inst/noc_ddr4_phy/inst/BANK_WRAPPER_INST2/NIBBLE[0].UNISIM.I_XPHY/PLL_CLK
High Pulse Width  Slow    XPHY/PLL_CLK    n/a            0.107         0.156       0.049      XPHY_X19Y0  ps_block/axi_noc_0/inst/MC0_ddrc/inst/noc_ddr4_phy/inst/BANK_WRAPPER_INST2/NIBBLE[1].UNISIM.I_XPHY/PLL_CLK
High Pulse Width  Fast    XPHY/PLL_CLK    n/a            0.107         0.156       0.049      XPHY_X19Y0  ps_block/axi_noc_0/inst/MC0_ddrc/inst/noc_ddr4_phy/inst/BANK_WRAPPER_INST2/NIBBLE[1].UNISIM.I_XPHY/PLL_CLK
High Pulse Width  Slow    XPHY/PLL_CLK    n/a            0.107         0.156       0.049      XPHY_X20Y0  ps_block/axi_noc_0/inst/MC0_ddrc/inst/noc_ddr4_phy/inst/BANK_WRAPPER_INST2/NIBBLE[2].UNISIM.I_XPHY/PLL_CLK
High Pulse Width  Fast    XPHY/PLL_CLK    n/a            0.107         0.156       0.049      XPHY_X20Y0  ps_block/axi_noc_0/inst/MC0_ddrc/inst/noc_ddr4_phy/inst/BANK_WRAPPER_INST2/NIBBLE[2].UNISIM.I_XPHY/PLL_CLK
High Pulse Width  Slow    XPHY/PLL_CLK    n/a            0.107         0.156       0.049      XPHY_X21Y0  ps_block/axi_noc_0/inst/MC0_ddrc/inst/noc_ddr4_phy/inst/BANK_WRAPPER_INST2/NIBBLE[3].UNISIM.I_XPHY/PLL_CLK
High Pulse Width  Fast    XPHY/PLL_CLK    n/a            0.107         0.156       0.049      XPHY_X21Y0  ps_block/axi_noc_0/inst/MC0_ddrc/inst/noc_ddr4_phy/inst/BANK_WRAPPER_INST2/NIBBLE[3].UNISIM.I_XPHY/PLL_CLK



---------------------------------------------------------------------------------------------------
From Clock:  bank1_xpll0_fifo_rd_clk
  To Clock:  bank1_xpll0_fifo_rd_clk

Setup :           NA  Failing Endpoints,  Worst Slack           NA  ,  Total Violation           NA
Hold  :           NA  Failing Endpoints,  Worst Slack           NA  ,  Total Violation           NA
PW    :            0  Failing Endpoints,  Worst Slack        0.000ns,  Total Violation        0.000ns
---------------------------------------------------------------------------------------------------


Pulse Width Checks
--------------------------------------------------------------------------------------
Clock Name:         bank1_xpll0_fifo_rd_clk
Waveform(ns):       { 0.000 0.625 }
Period(ns):         1.250
Sources:            { ps_block/axi_noc_0/inst/MC0_ddrc/inst/noc_ddr4_phy/inst/u_xpll0_bank1/CLKOUT2 }

Check Type        Corner  Lib Pin           Reference Pin  Required(ns)  Actual(ns)  Slack(ns)  Location   Pin
Min Period        n/a     XPLL/CLKOUT2      n/a            1.250         1.250       0.000      XPLL_X2Y0  ps_block/axi_noc_0/inst/MC0_ddrc/inst/noc_ddr4_phy/inst/u_xpll0_bank1/CLKOUT2
Min Period        n/a     XPHY/FIFO_RD_CLK  n/a            1.072         1.250       0.178      XPHY_X0Y0  ps_block/axi_noc_0/inst/MC0_ddrc/inst/noc_ddr4_phy/inst/BANK_WRAPPER_INST0/NIBBLE[0].UNISIM.I_XPHY/FIFO_RD_CLK
Min Period        n/a     XPHY/FIFO_RD_CLK  n/a            1.072         1.250       0.178      XPHY_X1Y0  ps_block/axi_noc_0/inst/MC0_ddrc/inst/noc_ddr4_phy/inst/BANK_WRAPPER_INST0/NIBBLE[1].UNISIM.I_XPHY/FIFO_RD_CLK
Min Period        n/a     XPHY/FIFO_RD_CLK  n/a            1.072         1.250       0.178      XPHY_X2Y0  ps_block/axi_noc_0/inst/MC0_ddrc/inst/noc_ddr4_phy/inst/BANK_WRAPPER_INST0/NIBBLE[2].UNISIM.I_XPHY/FIFO_RD_CLK
Min Period        n/a     XPHY/FIFO_RD_CLK  n/a            1.072         1.250       0.178      XPHY_X3Y0  ps_block/axi_noc_0/inst/MC0_ddrc/inst/noc_ddr4_phy/inst/BANK_WRAPPER_INST0/NIBBLE[3].UNISIM.I_XPHY/FIFO_RD_CLK
Min Period        n/a     XPHY/FIFO_RD_CLK  n/a            1.072         1.250       0.178      XPHY_X5Y0  ps_block/axi_noc_0/inst/MC0_ddrc/inst/noc_ddr4_phy/inst/BANK_WRAPPER_INST0/NIBBLE[4].UNISIM.I_XPHY/FIFO_RD_CLK
Min Period        n/a     XPHY/FIFO_RD_CLK  n/a            1.072         1.250       0.178      XPHY_X6Y0  ps_block/axi_noc_0/inst/MC0_ddrc/inst/noc_ddr4_phy/inst/BANK_WRAPPER_INST0/NIBBLE[5].UNISIM.I_XPHY/FIFO_RD_CLK
Min Period        n/a     XPHY/FIFO_RD_CLK  n/a            1.072         1.250       0.178      XPHY_X7Y0  ps_block/axi_noc_0/inst/MC0_ddrc/inst/noc_ddr4_phy/inst/BANK_WRAPPER_INST0/NIBBLE[6].UNISIM.I_XPHY/FIFO_RD_CLK
Min Period        n/a     XPHY/FIFO_RD_CLK  n/a            1.072         1.250       0.178      XPHY_X8Y0  ps_block/axi_noc_0/inst/MC0_ddrc/inst/noc_ddr4_phy/inst/BANK_WRAPPER_INST0/NIBBLE[7].UNISIM.I_XPHY/FIFO_RD_CLK
Min Period        n/a     XPHY/FIFO_RD_CLK  n/a            1.072         1.250       0.178      XPHY_X4Y0  ps_block/axi_noc_0/inst/MC0_ddrc/inst/noc_ddr4_phy/inst/BANK_WRAPPER_INST0/NIBBLE[8].UNISIM.I_XPHY/FIFO_RD_CLK
Low Pulse Width   Slow    XPHY/FIFO_RD_CLK  n/a            0.429         0.625       0.196      XPHY_X0Y0  ps_block/axi_noc_0/inst/MC0_ddrc/inst/noc_ddr4_phy/inst/BANK_WRAPPER_INST0/NIBBLE[0].UNISIM.I_XPHY/FIFO_RD_CLK
Low Pulse Width   Fast    XPHY/FIFO_RD_CLK  n/a            0.429         0.625       0.196      XPHY_X0Y0  ps_block/axi_noc_0/inst/MC0_ddrc/inst/noc_ddr4_phy/inst/BANK_WRAPPER_INST0/NIBBLE[0].UNISIM.I_XPHY/FIFO_RD_CLK
Low Pulse Width   Slow    XPHY/FIFO_RD_CLK  n/a            0.429         0.625       0.196      XPHY_X1Y0  ps_block/axi_noc_0/inst/MC0_ddrc/inst/noc_ddr4_phy/inst/BANK_WRAPPER_INST0/NIBBLE[1].UNISIM.I_XPHY/FIFO_RD_CLK
Low Pulse Width   Fast    XPHY/FIFO_RD_CLK  n/a            0.429         0.625       0.196      XPHY_X1Y0  ps_block/axi_noc_0/inst/MC0_ddrc/inst/noc_ddr4_phy/inst/BANK_WRAPPER_INST0/NIBBLE[1].UNISIM.I_XPHY/FIFO_RD_CLK
Low Pulse Width   Slow    XPHY/FIFO_RD_CLK  n/a            0.429         0.625       0.196      XPHY_X2Y0  ps_block/axi_noc_0/inst/MC0_ddrc/inst/noc_ddr4_phy/inst/BANK_WRAPPER_INST0/NIBBLE[2].UNISIM.I_XPHY/FIFO_RD_CLK
Low Pulse Width   Fast    XPHY/FIFO_RD_CLK  n/a            0.429         0.625       0.196      XPHY_X2Y0  ps_block/axi_noc_0/inst/MC0_ddrc/inst/noc_ddr4_phy/inst/BANK_WRAPPER_INST0/NIBBLE[2].UNISIM.I_XPHY/FIFO_RD_CLK
Low Pulse Width   Slow    XPHY/FIFO_RD_CLK  n/a            0.429         0.625       0.196      XPHY_X3Y0  ps_block/axi_noc_0/inst/MC0_ddrc/inst/noc_ddr4_phy/inst/BANK_WRAPPER_INST0/NIBBLE[3].UNISIM.I_XPHY/FIFO_RD_CLK
Low Pulse Width   Fast    XPHY/FIFO_RD_CLK  n/a            0.429         0.625       0.196      XPHY_X3Y0  ps_block/axi_noc_0/inst/MC0_ddrc/inst/noc_ddr4_phy/inst/BANK_WRAPPER_INST0/NIBBLE[3].UNISIM.I_XPHY/FIFO_RD_CLK
Low Pulse Width   Slow    XPHY/FIFO_RD_CLK  n/a            0.429         0.625       0.196      XPHY_X5Y0  ps_block/axi_noc_0/inst/MC0_ddrc/inst/noc_ddr4_phy/inst/BANK_WRAPPER_INST0/NIBBLE[4].UNISIM.I_XPHY/FIFO_RD_CLK
Low Pulse Width   Fast    XPHY/FIFO_RD_CLK  n/a            0.429         0.625       0.196      XPHY_X5Y0  ps_block/axi_noc_0/inst/MC0_ddrc/inst/noc_ddr4_phy/inst/BANK_WRAPPER_INST0/NIBBLE[4].UNISIM.I_XPHY/FIFO_RD_CLK
High Pulse Width  Slow    XPHY/FIFO_RD_CLK  n/a            0.429         0.625       0.196      XPHY_X0Y0  ps_block/axi_noc_0/inst/MC0_ddrc/inst/noc_ddr4_phy/inst/BANK_WRAPPER_INST0/NIBBLE[0].UNISIM.I_XPHY/FIFO_RD_CLK
High Pulse Width  Fast    XPHY/FIFO_RD_CLK  n/a            0.429         0.625       0.196      XPHY_X0Y0  ps_block/axi_noc_0/inst/MC0_ddrc/inst/noc_ddr4_phy/inst/BANK_WRAPPER_INST0/NIBBLE[0].UNISIM.I_XPHY/FIFO_RD_CLK
High Pulse Width  Slow    XPHY/FIFO_RD_CLK  n/a            0.429         0.625       0.196      XPHY_X1Y0  ps_block/axi_noc_0/inst/MC0_ddrc/inst/noc_ddr4_phy/inst/BANK_WRAPPER_INST0/NIBBLE[1].UNISIM.I_XPHY/FIFO_RD_CLK
High Pulse Width  Fast    XPHY/FIFO_RD_CLK  n/a            0.429         0.625       0.196      XPHY_X1Y0  ps_block/axi_noc_0/inst/MC0_ddrc/inst/noc_ddr4_phy/inst/BANK_WRAPPER_INST0/NIBBLE[1].UNISIM.I_XPHY/FIFO_RD_CLK
High Pulse Width  Slow    XPHY/FIFO_RD_CLK  n/a            0.429         0.625       0.196      XPHY_X2Y0  ps_block/axi_noc_0/inst/MC0_ddrc/inst/noc_ddr4_phy/inst/BANK_WRAPPER_INST0/NIBBLE[2].UNISIM.I_XPHY/FIFO_RD_CLK
High Pulse Width  Fast    XPHY/FIFO_RD_CLK  n/a            0.429         0.625       0.196      XPHY_X2Y0  ps_block/axi_noc_0/inst/MC0_ddrc/inst/noc_ddr4_phy/inst/BANK_WRAPPER_INST0/NIBBLE[2].UNISIM.I_XPHY/FIFO_RD_CLK
High Pulse Width  Slow    XPHY/FIFO_RD_CLK  n/a            0.429         0.625       0.196      XPHY_X3Y0  ps_block/axi_noc_0/inst/MC0_ddrc/inst/noc_ddr4_phy/inst/BANK_WRAPPER_INST0/NIBBLE[3].UNISIM.I_XPHY/FIFO_RD_CLK
High Pulse Width  Fast    XPHY/FIFO_RD_CLK  n/a            0.429         0.625       0.196      XPHY_X3Y0  ps_block/axi_noc_0/inst/MC0_ddrc/inst/noc_ddr4_phy/inst/BANK_WRAPPER_INST0/NIBBLE[3].UNISIM.I_XPHY/FIFO_RD_CLK
High Pulse Width  Slow    XPHY/FIFO_RD_CLK  n/a            0.429         0.625       0.196      XPHY_X5Y0  ps_block/axi_noc_0/inst/MC0_ddrc/inst/noc_ddr4_phy/inst/BANK_WRAPPER_INST0/NIBBLE[4].UNISIM.I_XPHY/FIFO_RD_CLK
High Pulse Width  Fast    XPHY/FIFO_RD_CLK  n/a            0.429         0.625       0.196      XPHY_X5Y0  ps_block/axi_noc_0/inst/MC0_ddrc/inst/noc_ddr4_phy/inst/BANK_WRAPPER_INST0/NIBBLE[4].UNISIM.I_XPHY/FIFO_RD_CLK



---------------------------------------------------------------------------------------------------
From Clock:  mc_clk_xpll
  To Clock:  mc_clk_xpll

Setup :           NA  Failing Endpoints,  Worst Slack           NA  ,  Total Violation           NA
Hold  :           NA  Failing Endpoints,  Worst Slack           NA  ,  Total Violation           NA
PW    :            0  Failing Endpoints,  Worst Slack        0.000ns,  Total Violation        0.000ns
---------------------------------------------------------------------------------------------------


Pulse Width Checks
--------------------------------------------------------------------------------------
Clock Name:         mc_clk_xpll
Waveform(ns):       { 0.000 0.625 }
Period(ns):         1.250
Sources:            { ps_block/axi_noc_0/inst/MC0_ddrc/inst/noc_ddr4_phy/inst/u_xpll0_bank1/CLKOUT1 }

Check Type  Corner  Lib Pin       Reference Pin  Required(ns)  Actual(ns)  Slack(ns)  Location   Pin
Min Period  n/a     XPLL/CLKOUT1  n/a            1.250         1.250       0.000      XPLL_X2Y0  ps_block/axi_noc_0/inst/MC0_ddrc/inst/noc_ddr4_phy/inst/u_xpll0_bank1/CLKOUT1



---------------------------------------------------------------------------------------------------
From Clock:  pll_clk_xpll
  To Clock:  pll_clk_xpll

Setup :           NA  Failing Endpoints,  Worst Slack           NA  ,  Total Violation           NA
Hold  :           NA  Failing Endpoints,  Worst Slack           NA  ,  Total Violation           NA
PW    :            0  Failing Endpoints,  Worst Slack        0.044ns,  Total Violation        0.000ns
---------------------------------------------------------------------------------------------------


Pulse Width Checks
--------------------------------------------------------------------------------------
Clock Name:         pll_clk_xpll
Waveform(ns):       { 0.000 0.156 }
Period(ns):         0.312
Sources:            { ps_block/axi_noc_0/inst/MC0_ddrc/inst/noc_ddr4_phy/inst/u_xpll0_bank1/CLKOUTPHY }

Check Type        Corner  Lib Pin         Reference Pin  Required(ns)  Actual(ns)  Slack(ns)  Location    Pin
Min Period        n/a     XPHY/PLL_CLK    n/a            0.268         0.312       0.044      XPHY_X9Y0   ps_block/axi_noc_0/inst/MC0_ddrc/inst/noc_ddr4_phy/inst/BANK_WRAPPER_INST1/NIBBLE[0].UNISIM.I_XPHY/PLL_CLK
Min Period        n/a     XPHY/PLL_CLK    n/a            0.268         0.312       0.044      XPHY_X10Y0  ps_block/axi_noc_0/inst/MC0_ddrc/inst/noc_ddr4_phy/inst/BANK_WRAPPER_INST1/NIBBLE[1].UNISIM.I_XPHY/PLL_CLK
Min Period        n/a     XPHY/PLL_CLK    n/a            0.268         0.312       0.044      XPHY_X11Y0  ps_block/axi_noc_0/inst/MC0_ddrc/inst/noc_ddr4_phy/inst/BANK_WRAPPER_INST1/NIBBLE[2].UNISIM.I_XPHY/PLL_CLK
Min Period        n/a     XPHY/PLL_CLK    n/a            0.268         0.312       0.044      XPHY_X12Y0  ps_block/axi_noc_0/inst/MC0_ddrc/inst/noc_ddr4_phy/inst/BANK_WRAPPER_INST1/NIBBLE[3].UNISIM.I_XPHY/PLL_CLK
Min Period        n/a     XPHY/PLL_CLK    n/a            0.268         0.312       0.044      XPHY_X14Y0  ps_block/axi_noc_0/inst/MC0_ddrc/inst/noc_ddr4_phy/inst/BANK_WRAPPER_INST1/NIBBLE[4].UNISIM.I_XPHY/PLL_CLK
Min Period        n/a     XPHY/PLL_CLK    n/a            0.268         0.312       0.044      XPHY_X15Y0  ps_block/axi_noc_0/inst/MC0_ddrc/inst/noc_ddr4_phy/inst/BANK_WRAPPER_INST1/NIBBLE[5].UNISIM.I_XPHY/PLL_CLK
Min Period        n/a     XPHY/PLL_CLK    n/a            0.268         0.312       0.044      XPHY_X16Y0  ps_block/axi_noc_0/inst/MC0_ddrc/inst/noc_ddr4_phy/inst/BANK_WRAPPER_INST1/NIBBLE[6].UNISIM.I_XPHY/PLL_CLK
Min Period        n/a     XPHY/PLL_CLK    n/a            0.268         0.312       0.044      XPHY_X17Y0  ps_block/axi_noc_0/inst/MC0_ddrc/inst/noc_ddr4_phy/inst/BANK_WRAPPER_INST1/NIBBLE[7].UNISIM.I_XPHY/PLL_CLK
Min Period        n/a     XPLL/CLKOUTPHY  n/a            0.231         0.312       0.082      XPLL_X2Y0   ps_block/axi_noc_0/inst/MC0_ddrc/inst/noc_ddr4_phy/inst/u_xpll0_bank1/CLKOUTPHY
Low Pulse Width   Slow    XPHY/PLL_CLK    n/a            0.107         0.156       0.049      XPHY_X9Y0   ps_block/axi_noc_0/inst/MC0_ddrc/inst/noc_ddr4_phy/inst/BANK_WRAPPER_INST1/NIBBLE[0].UNISIM.I_XPHY/PLL_CLK
Low Pulse Width   Fast    XPHY/PLL_CLK    n/a            0.107         0.156       0.049      XPHY_X9Y0   ps_block/axi_noc_0/inst/MC0_ddrc/inst/noc_ddr4_phy/inst/BANK_WRAPPER_INST1/NIBBLE[0].UNISIM.I_XPHY/PLL_CLK
Low Pulse Width   Slow    XPHY/PLL_CLK    n/a            0.107         0.156       0.049      XPHY_X10Y0  ps_block/axi_noc_0/inst/MC0_ddrc/inst/noc_ddr4_phy/inst/BANK_WRAPPER_INST1/NIBBLE[1].UNISIM.I_XPHY/PLL_CLK
Low Pulse Width   Fast    XPHY/PLL_CLK    n/a            0.107         0.156       0.049      XPHY_X10Y0  ps_block/axi_noc_0/inst/MC0_ddrc/inst/noc_ddr4_phy/inst/BANK_WRAPPER_INST1/NIBBLE[1].UNISIM.I_XPHY/PLL_CLK
Low Pulse Width   Slow    XPHY/PLL_CLK    n/a            0.107         0.156       0.049      XPHY_X11Y0  ps_block/axi_noc_0/inst/MC0_ddrc/inst/noc_ddr4_phy/inst/BANK_WRAPPER_INST1/NIBBLE[2].UNISIM.I_XPHY/PLL_CLK
Low Pulse Width   Fast    XPHY/PLL_CLK    n/a            0.107         0.156       0.049      XPHY_X11Y0  ps_block/axi_noc_0/inst/MC0_ddrc/inst/noc_ddr4_phy/inst/BANK_WRAPPER_INST1/NIBBLE[2].UNISIM.I_XPHY/PLL_CLK
Low Pulse Width   Slow    XPHY/PLL_CLK    n/a            0.107         0.156       0.049      XPHY_X12Y0  ps_block/axi_noc_0/inst/MC0_ddrc/inst/noc_ddr4_phy/inst/BANK_WRAPPER_INST1/NIBBLE[3].UNISIM.I_XPHY/PLL_CLK
Low Pulse Width   Fast    XPHY/PLL_CLK    n/a            0.107         0.156       0.049      XPHY_X12Y0  ps_block/axi_noc_0/inst/MC0_ddrc/inst/noc_ddr4_phy/inst/BANK_WRAPPER_INST1/NIBBLE[3].UNISIM.I_XPHY/PLL_CLK
Low Pulse Width   Slow    XPHY/PLL_CLK    n/a            0.107         0.156       0.049      XPHY_X14Y0  ps_block/axi_noc_0/inst/MC0_ddrc/inst/noc_ddr4_phy/inst/BANK_WRAPPER_INST1/NIBBLE[4].UNISIM.I_XPHY/PLL_CLK
Low Pulse Width   Fast    XPHY/PLL_CLK    n/a            0.107         0.156       0.049      XPHY_X14Y0  ps_block/axi_noc_0/inst/MC0_ddrc/inst/noc_ddr4_phy/inst/BANK_WRAPPER_INST1/NIBBLE[4].UNISIM.I_XPHY/PLL_CLK
High Pulse Width  Slow    XPHY/PLL_CLK    n/a            0.107         0.156       0.049      XPHY_X9Y0   ps_block/axi_noc_0/inst/MC0_ddrc/inst/noc_ddr4_phy/inst/BANK_WRAPPER_INST1/NIBBLE[0].UNISIM.I_XPHY/PLL_CLK
High Pulse Width  Fast    XPHY/PLL_CLK    n/a            0.107         0.156       0.049      XPHY_X9Y0   ps_block/axi_noc_0/inst/MC0_ddrc/inst/noc_ddr4_phy/inst/BANK_WRAPPER_INST1/NIBBLE[0].UNISIM.I_XPHY/PLL_CLK
High Pulse Width  Slow    XPHY/PLL_CLK    n/a            0.107         0.156       0.049      XPHY_X10Y0  ps_block/axi_noc_0/inst/MC0_ddrc/inst/noc_ddr4_phy/inst/BANK_WRAPPER_INST1/NIBBLE[1].UNISIM.I_XPHY/PLL_CLK
High Pulse Width  Fast    XPHY/PLL_CLK    n/a            0.107         0.156       0.049      XPHY_X10Y0  ps_block/axi_noc_0/inst/MC0_ddrc/inst/noc_ddr4_phy/inst/BANK_WRAPPER_INST1/NIBBLE[1].UNISIM.I_XPHY/PLL_CLK
High Pulse Width  Slow    XPHY/PLL_CLK    n/a            0.107         0.156       0.049      XPHY_X11Y0  ps_block/axi_noc_0/inst/MC0_ddrc/inst/noc_ddr4_phy/inst/BANK_WRAPPER_INST1/NIBBLE[2].UNISIM.I_XPHY/PLL_CLK
High Pulse Width  Fast    XPHY/PLL_CLK    n/a            0.107         0.156       0.049      XPHY_X11Y0  ps_block/axi_noc_0/inst/MC0_ddrc/inst/noc_ddr4_phy/inst/BANK_WRAPPER_INST1/NIBBLE[2].UNISIM.I_XPHY/PLL_CLK
High Pulse Width  Slow    XPHY/PLL_CLK    n/a            0.107         0.156       0.049      XPHY_X12Y0  ps_block/axi_noc_0/inst/MC0_ddrc/inst/noc_ddr4_phy/inst/BANK_WRAPPER_INST1/NIBBLE[3].UNISIM.I_XPHY/PLL_CLK
High Pulse Width  Fast    XPHY/PLL_CLK    n/a            0.107         0.156       0.049      XPHY_X12Y0  ps_block/axi_noc_0/inst/MC0_ddrc/inst/noc_ddr4_phy/inst/BANK_WRAPPER_INST1/NIBBLE[3].UNISIM.I_XPHY/PLL_CLK
High Pulse Width  Slow    XPHY/PLL_CLK    n/a            0.107         0.156       0.049      XPHY_X14Y0  ps_block/axi_noc_0/inst/MC0_ddrc/inst/noc_ddr4_phy/inst/BANK_WRAPPER_INST1/NIBBLE[4].UNISIM.I_XPHY/PLL_CLK
High Pulse Width  Fast    XPHY/PLL_CLK    n/a            0.107         0.156       0.049      XPHY_X14Y0  ps_block/axi_noc_0/inst/MC0_ddrc/inst/noc_ddr4_phy/inst/BANK_WRAPPER_INST1/NIBBLE[4].UNISIM.I_XPHY/PLL_CLK



--------------------------------------------------------------------------------------
Path Group:  (none)
From Clock:  
  To Clock:  clk_pl_0

Max Delay             2 Endpoints
Min Delay             2 Endpoints
--------------------------------------------------------------------------------------


Max Delay Paths
--------------------------------------------------------------------------------------
Slack:                    inf
  Source:                 rst_n
                            (input port)
  Destination:            ps_block/rst_versal_cips_0_100M/U0/EXT_LPF/ACTIVE_LOW_AUX.ACT_LO_AUX/syncstages_ff_reg[0]/D
                            (rising edge-triggered cell FDRE clocked by clk_pl_0  {rise@0.000ns fall@5.000ns period=10.000ns})
  Path Group:             (none)
  Path Type:              Setup (Max at Slow Process Corner)
  Data Path Delay:        2.681ns  (logic 0.714ns (26.642%)  route 1.967ns (73.358%))
  Logic Levels:           2  (IBUF=1 LUT1=1)
  Clock Path Skew:        1.829ns (DCD - SCD + CPR)
    Destination Clock Delay (DCD):    1.829ns
    Source Clock Delay      (SCD):    0.000ns
    Clock Pessimism Removal (CPR):    0.000ns
  Clock Uncertainty:      0.320ns  (CJ)/2 + PE + PJ
    Clock Jitter             (CJ):    0.639ns
    Phase Error              (PE):    0.000ns
    Phase Jitter             (PJ):    0.000ns
  Clock Net Delay (Destination): 1.757ns (routing 0.238ns, distribution 1.519ns)
  Timing Exception:       False Path

    Location             Delay type                Incr(ns)  Path(ns)    Netlist Resource(s)
  -------------------------------------------------------------------    -------------------
    IOB_X35Y1                                         0.000     0.000 f  rst_n (IN)
                         net (fo=0)                   0.000     0.000    rst_n
    IOB_X35Y1            IBUF (Prop_IOB_S_XPIOB_I_O)
                                                      0.646     0.646 f  rst_n_IBUF_inst/O
                         net (fo=1, routed)           1.534     2.180    ps_block/rst_versal_cips_0_100M/U0/EXT_LPF/aux_reset_in
    SLICE_X74Y2          LUT1 (Prop_A6LUT_SLICEL_I0_O)
                                                      0.068     2.248 r  ps_block/rst_versal_cips_0_100M/U0/EXT_LPF/ACTIVE_LOW_AUX.ACT_LO_AUX_i_1/O
                         net (fo=1, routed)           0.433     2.681    ps_block/rst_versal_cips_0_100M/U0/EXT_LPF/ACTIVE_LOW_AUX.ACT_LO_AUX/src_in
    SLICE_X74Y2          FDRE                                         r  ps_block/rst_versal_cips_0_100M/U0/EXT_LPF/ACTIVE_LOW_AUX.ACT_LO_AUX/syncstages_ff_reg[0]/D
  -------------------------------------------------------------------    -------------------

                         (clock clk_pl_0 rise edge)
                                                      0.000     0.000 r  
    PS9_X0Y0             PS9                          0.000     0.000 r  ps_block/versal_cips_0/U0/pspmc_0/U0/PS9_inst/PMCRCLKCLK[0]
                         net (fo=1, routed)           0.000     0.000    ps_block/versal_cips_0/U0/pspmc_0/U0/pmc_pl_ref_clk[0]
    BUFG_PS_X0Y6         BUFG_PS (Prop_BUFG_PS_I_O)
                                                      0.072     0.072 r  ps_block/versal_cips_0/U0/pspmc_0/U0/buffer_pl_clk_0.PL_CLK_0_BUFG/O
    X1Y1 (CLOCK_ROOT)    net (fo=1031, routed)        1.757     1.829    ps_block/rst_versal_cips_0_100M/U0/EXT_LPF/ACTIVE_LOW_AUX.ACT_LO_AUX/dest_clk
    SLICE_X74Y2          FDRE                                         r  ps_block/rst_versal_cips_0_100M/U0/EXT_LPF/ACTIVE_LOW_AUX.ACT_LO_AUX/syncstages_ff_reg[0]/C

Slack:                    inf
  Source:                 ps_block/versal_cips_0/U0/pspmc_0/U0/PS9_inst/PLRST0N
                            (internal pin)
  Destination:            ps_block/rst_versal_cips_0_100M/U0/EXT_LPF/ACTIVE_LOW_EXT.ACT_LO_EXT/syncstages_ff_reg[0]/D
                            (rising edge-triggered cell FDRE clocked by clk_pl_0  {rise@0.000ns fall@5.000ns period=10.000ns})
  Path Group:             (none)
  Path Type:              Setup (Max at Slow Process Corner)
  Data Path Delay:        0.954ns  (logic 0.197ns (20.650%)  route 0.757ns (79.350%))
  Logic Levels:           1  (LUT1=1)
  Clock Uncertainty:      0.320ns  (CJ)/2 + PE + PJ
    Clock Jitter             (CJ):    0.639ns
    Phase Error              (PE):    0.000ns
    Phase Jitter             (PJ):    0.000ns
  Clock Net Delay (Destination): 1.735ns (routing 0.238ns, distribution 1.497ns)
  Timing Exception:       False Path

    Location             Delay type                Incr(ns)  Path(ns)    Netlist Resource(s)
  -------------------------------------------------------------------    -------------------
    PS9_X0Y0             PS9                          0.000     0.000 f  ps_block/versal_cips_0/U0/pspmc_0/U0/PS9_inst/PLRST0N
                         net (fo=1, routed)           0.408     0.408    ps_block/rst_versal_cips_0_100M/U0/EXT_LPF/ext_reset_in
    SLICE_X56Y2          LUT1 (Prop_A6LUT_SLICEL_I0_O)
                                                      0.197     0.605 r  ps_block/rst_versal_cips_0_100M/U0/EXT_LPF/ACTIVE_LOW_EXT.ACT_LO_EXT_i_1/O
                         net (fo=1, routed)           0.349     0.954    ps_block/rst_versal_cips_0_100M/U0/EXT_LPF/ACTIVE_LOW_EXT.ACT_LO_EXT/src_in
    SLICE_X56Y2          FDRE                                         r  ps_block/rst_versal_cips_0_100M/U0/EXT_LPF/ACTIVE_LOW_EXT.ACT_LO_EXT/syncstages_ff_reg[0]/D
  -------------------------------------------------------------------    -------------------

                         (clock clk_pl_0 rise edge)
                                                      0.000     0.000 r  
    PS9_X0Y0             PS9                          0.000     0.000 r  ps_block/versal_cips_0/U0/pspmc_0/U0/PS9_inst/PMCRCLKCLK[0]
                         net (fo=1, routed)           0.000     0.000    ps_block/versal_cips_0/U0/pspmc_0/U0/pmc_pl_ref_clk[0]
    BUFG_PS_X0Y6         BUFG_PS (Prop_BUFG_PS_I_O)
                                                      0.072     0.072 r  ps_block/versal_cips_0/U0/pspmc_0/U0/buffer_pl_clk_0.PL_CLK_0_BUFG/O
    X1Y1 (CLOCK_ROOT)    net (fo=1031, routed)        1.735     1.807    ps_block/rst_versal_cips_0_100M/U0/EXT_LPF/ACTIVE_LOW_EXT.ACT_LO_EXT/dest_clk
    SLICE_X56Y2          FDRE                                         r  ps_block/rst_versal_cips_0_100M/U0/EXT_LPF/ACTIVE_LOW_EXT.ACT_LO_EXT/syncstages_ff_reg[0]/C





Min Delay Paths
--------------------------------------------------------------------------------------
Slack:                    inf
  Source:                 ps_block/versal_cips_0/U0/pspmc_0/U0/PS9_inst/PLRST0N
                            (internal pin)
  Destination:            ps_block/rst_versal_cips_0_100M/U0/EXT_LPF/ACTIVE_LOW_EXT.ACT_LO_EXT/syncstages_ff_reg[0]/D
                            (rising edge-triggered cell FDRE clocked by clk_pl_0  {rise@0.000ns fall@5.000ns period=10.000ns})
  Path Group:             (none)
  Path Type:              Hold (Min at Fast Process Corner)
  Data Path Delay:        0.489ns  (logic 0.069ns (14.110%)  route 0.420ns (85.890%))
  Logic Levels:           1  (LUT1=1)
  Clock Uncertainty:      0.320ns  (CJ)/2 + PE + PJ
    Clock Jitter             (CJ):    0.639ns
    Phase Error              (PE):    0.000ns
    Phase Jitter             (PJ):    0.000ns
  Clock Net Delay (Destination): 1.320ns (routing 0.187ns, distribution 1.133ns)
  Timing Exception:       False Path

    Location             Delay type                Incr(ns)  Path(ns)    Netlist Resource(s)
  -------------------------------------------------------------------    -------------------
    PS9_X0Y0             PS9                          0.000     0.000 f  ps_block/versal_cips_0/U0/pspmc_0/U0/PS9_inst/PLRST0N
                         net (fo=1, routed)           0.233     0.233    ps_block/rst_versal_cips_0_100M/U0/EXT_LPF/ext_reset_in
    SLICE_X56Y2          LUT1 (Prop_A6LUT_SLICEL_I0_O)
                                                      0.069     0.302 r  ps_block/rst_versal_cips_0_100M/U0/EXT_LPF/ACTIVE_LOW_EXT.ACT_LO_EXT_i_1/O
                         net (fo=1, routed)           0.187     0.489    ps_block/rst_versal_cips_0_100M/U0/EXT_LPF/ACTIVE_LOW_EXT.ACT_LO_EXT/src_in
    SLICE_X56Y2          FDRE                                         r  ps_block/rst_versal_cips_0_100M/U0/EXT_LPF/ACTIVE_LOW_EXT.ACT_LO_EXT/syncstages_ff_reg[0]/D
  -------------------------------------------------------------------    -------------------

                         (clock clk_pl_0 rise edge)
                                                      0.000     0.000 r  
    PS9_X0Y0             PS9                          0.000     0.000 r  ps_block/versal_cips_0/U0/pspmc_0/U0/PS9_inst/PMCRCLKCLK[0]
                         net (fo=1, routed)           0.000     0.000    ps_block/versal_cips_0/U0/pspmc_0/U0/pmc_pl_ref_clk[0]
    BUFG_PS_X0Y6         BUFG_PS (Prop_BUFG_PS_I_O)
                                                      0.096     0.096 r  ps_block/versal_cips_0/U0/pspmc_0/U0/buffer_pl_clk_0.PL_CLK_0_BUFG/O
    X1Y1 (CLOCK_ROOT)    net (fo=1031, routed)        1.320     1.416    ps_block/rst_versal_cips_0_100M/U0/EXT_LPF/ACTIVE_LOW_EXT.ACT_LO_EXT/dest_clk
    SLICE_X56Y2          FDRE                                         r  ps_block/rst_versal_cips_0_100M/U0/EXT_LPF/ACTIVE_LOW_EXT.ACT_LO_EXT/syncstages_ff_reg[0]/C

Slack:                    inf
  Source:                 rst_n
                            (input port)
  Destination:            ps_block/rst_versal_cips_0_100M/U0/EXT_LPF/ACTIVE_LOW_AUX.ACT_LO_AUX/syncstages_ff_reg[0]/D
                            (rising edge-triggered cell FDRE clocked by clk_pl_0  {rise@0.000ns fall@5.000ns period=10.000ns})
  Path Group:             (none)
  Path Type:              Hold (Min at Fast Process Corner)
  Data Path Delay:        1.319ns  (logic 0.325ns (24.631%)  route 0.994ns (75.369%))
  Logic Levels:           2  (IBUF=1 LUT1=1)
  Clock Path Skew:        1.426ns (DCD - SCD - CPR)
    Destination Clock Delay (DCD):    1.426ns
    Source Clock Delay      (SCD):    0.000ns
    Clock Pessimism Removal (CPR):    -0.000ns
  Clock Net Delay (Destination): 1.330ns (routing 0.187ns, distribution 1.143ns)
  Timing Exception:       False Path

    Location             Delay type                Incr(ns)  Path(ns)    Netlist Resource(s)
  -------------------------------------------------------------------    -------------------
    IOB_X35Y1                                         0.000     0.000 f  rst_n (IN)
                         net (fo=0)                   0.000     0.000    rst_n
    IOB_X35Y1            IBUF (Prop_IOB_S_XPIOB_I_O)
                                                      0.295     0.295 f  rst_n_IBUF_inst/O
                         net (fo=1, routed)           0.753     1.048    ps_block/rst_versal_cips_0_100M/U0/EXT_LPF/aux_reset_in
    SLICE_X74Y2          LUT1 (Prop_A6LUT_SLICEL_I0_O)
                                                      0.030     1.078 r  ps_block/rst_versal_cips_0_100M/U0/EXT_LPF/ACTIVE_LOW_AUX.ACT_LO_AUX_i_1/O
                         net (fo=1, routed)           0.241     1.319    ps_block/rst_versal_cips_0_100M/U0/EXT_LPF/ACTIVE_LOW_AUX.ACT_LO_AUX/src_in
    SLICE_X74Y2          FDRE                                         r  ps_block/rst_versal_cips_0_100M/U0/EXT_LPF/ACTIVE_LOW_AUX.ACT_LO_AUX/syncstages_ff_reg[0]/D
  -------------------------------------------------------------------    -------------------

                         (clock clk_pl_0 rise edge)
                                                      0.000     0.000 r  
    PS9_X0Y0             PS9                          0.000     0.000 r  ps_block/versal_cips_0/U0/pspmc_0/U0/PS9_inst/PMCRCLKCLK[0]
                         net (fo=1, routed)           0.000     0.000    ps_block/versal_cips_0/U0/pspmc_0/U0/pmc_pl_ref_clk[0]
    BUFG_PS_X0Y6         BUFG_PS (Prop_BUFG_PS_I_O)
                                                      0.096     0.096 r  ps_block/versal_cips_0/U0/pspmc_0/U0/buffer_pl_clk_0.PL_CLK_0_BUFG/O
    X1Y1 (CLOCK_ROOT)    net (fo=1031, routed)        1.330     1.426    ps_block/rst_versal_cips_0_100M/U0/EXT_LPF/ACTIVE_LOW_AUX.ACT_LO_AUX/dest_clk
    SLICE_X74Y2          FDRE                                         r  ps_block/rst_versal_cips_0_100M/U0/EXT_LPF/ACTIVE_LOW_AUX.ACT_LO_AUX/syncstages_ff_reg[0]/C





--------------------------------------------------------------------------------------
Path Group:  (none)
From Clock:  clk_pl_0
  To Clock:  clk_pl_0

Max Delay            28 Endpoints
Min Delay            28 Endpoints
--------------------------------------------------------------------------------------


Max Delay Paths
--------------------------------------------------------------------------------------
Slack:                    inf
  Source:                 ps_block/rst_versal_cips_0_100M/U0/ACTIVE_LOW_PR_OUT_DFF[0].FDRE_PER_N/C
                            (rising edge-triggered cell FDRE clocked by clk_pl_0  {rise@0.000ns fall@5.000ns period=10.000ns})
  Destination:            ps_block/axi_smc/inst/clk_map/psr_aclk/U0/EXT_LPF/ACTIVE_LOW_AUX.ACT_LO_AUX/syncstages_ff_reg[0]/D
                            (rising edge-triggered cell FDRE clocked by clk_pl_0  {rise@0.000ns fall@5.000ns period=10.000ns})
  Path Group:             (none)
  Path Type:              Setup (Max at Slow Process Corner)
  Data Path Delay:        1.256ns  (logic 0.262ns (20.863%)  route 0.994ns (79.137%))
  Logic Levels:           1  (LUT1=1)
  Clock Path Skew:        -0.348ns (DCD - SCD + CPR)
    Destination Clock Delay (DCD):    1.777ns
    Source Clock Delay      (SCD):    2.124ns
    Clock Pessimism Removal (CPR):    0.000ns
  Clock Uncertainty:      0.110ns  (CJ)/2 + PE + PJ
    Clock Jitter             (CJ):    0.220ns
    Phase Error              (PE):    0.000ns
    Phase Jitter             (PJ):    0.000ns
  Clock Net Delay (Source):      1.983ns (routing 0.261ns, distribution 1.722ns)
  Clock Net Delay (Destination): 1.705ns (routing 0.238ns, distribution 1.467ns)
  Timing Exception:       False Path

    Location             Delay type                Incr(ns)  Path(ns)    Netlist Resource(s)
  -------------------------------------------------------------------    -------------------
                         (clock clk_pl_0 rise edge)
                                                      0.000     0.000 r  
    PS9_X0Y0             PS9                          0.000     0.000 r  ps_block/versal_cips_0/U0/pspmc_0/U0/PS9_inst/PMCRCLKCLK[0]
                         net (fo=1, routed)           0.000     0.000    ps_block/versal_cips_0/U0/pspmc_0/U0/pmc_pl_ref_clk[0]
    BUFG_PS_X0Y6         BUFG_PS (Prop_BUFG_PS_I_O)
                                                      0.141     0.141 r  ps_block/versal_cips_0/U0/pspmc_0/U0/buffer_pl_clk_0.PL_CLK_0_BUFG/O
    X1Y1 (CLOCK_ROOT)    net (fo=1031, routed)        1.983     2.124    ps_block/rst_versal_cips_0_100M/U0/slowest_sync_clk
    SLICE_X56Y22         FDRE                                         r  ps_block/rst_versal_cips_0_100M/U0/ACTIVE_LOW_PR_OUT_DFF[0].FDRE_PER_N/C
  -------------------------------------------------------------------    -------------------
    SLICE_X56Y22         FDRE (Prop_BFF_SLICEL_C_Q)
                                                      0.127     2.251 f  ps_block/rst_versal_cips_0_100M/U0/ACTIVE_LOW_PR_OUT_DFF[0].FDRE_PER_N/Q
                         net (fo=141, routed)         0.477     2.728    ps_block/axi_smc/inst/clk_map/psr_aclk/U0/EXT_LPF/aresetn
    SLICE_X54Y30         LUT1 (Prop_H6LUT_SLICEL_I0_O)
                                                      0.135     2.863 r  ps_block/axi_smc/inst/clk_map/psr_aclk/U0/EXT_LPF/ACTIVE_LOW_AUX.ACT_LO_AUX_i_1/O
                         net (fo=1, routed)           0.517     3.380    ps_block/axi_smc/inst/clk_map/psr_aclk/U0/EXT_LPF/ACTIVE_LOW_AUX.ACT_LO_AUX/src_in
    SLICE_X55Y33         FDRE                                         r  ps_block/axi_smc/inst/clk_map/psr_aclk/U0/EXT_LPF/ACTIVE_LOW_AUX.ACT_LO_AUX/syncstages_ff_reg[0]/D
  -------------------------------------------------------------------    -------------------

                         (clock clk_pl_0 rise edge)
                                                      0.000     0.000 r  
    PS9_X0Y0             PS9                          0.000     0.000 r  ps_block/versal_cips_0/U0/pspmc_0/U0/PS9_inst/PMCRCLKCLK[0]
                         net (fo=1, routed)           0.000     0.000    ps_block/versal_cips_0/U0/pspmc_0/U0/pmc_pl_ref_clk[0]
    BUFG_PS_X0Y6         BUFG_PS (Prop_BUFG_PS_I_O)
                                                      0.072     0.072 r  ps_block/versal_cips_0/U0/pspmc_0/U0/buffer_pl_clk_0.PL_CLK_0_BUFG/O
    X1Y1 (CLOCK_ROOT)    net (fo=1031, routed)        1.705     1.777    ps_block/axi_smc/inst/clk_map/psr_aclk/U0/EXT_LPF/ACTIVE_LOW_AUX.ACT_LO_AUX/dest_clk
    SLICE_X55Y33         FDRE                                         r  ps_block/axi_smc/inst/clk_map/psr_aclk/U0/EXT_LPF/ACTIVE_LOW_AUX.ACT_LO_AUX/syncstages_ff_reg[0]/C

Slack:                    inf
  Source:                 ps_block/axi_smc/inst/clk_map/psr_aclk/U0/ACTIVE_LOW_BSR_OUT_DFF[0].FDRE_BSR_N/C
                            (rising edge-triggered cell FDRE clocked by clk_pl_0  {rise@0.000ns fall@5.000ns period=10.000ns})
  Destination:            ps_block/axi_smc/inst/s00_nodes/s00_aw_node/inst/s_sc_xpm_cdc_async_rst_inst/arststages_ff_reg[0]/CLR
                            (recovery check against rising-edge clock clk_pl_0  {rise@0.000ns fall@5.000ns period=10.000ns})
  Path Group:             (none)
  Path Type:              Recovery (Max at Slow Process Corner)
  Data Path Delay:        0.726ns  (logic 0.127ns (17.497%)  route 0.599ns (82.503%))
  Logic Levels:           0  
  Clock Path Skew:        -0.333ns (DCD - SCD + CPR)
    Destination Clock Delay (DCD):    1.784ns
    Source Clock Delay      (SCD):    2.116ns
    Clock Pessimism Removal (CPR):    0.000ns
  Clock Uncertainty:      0.110ns  (CJ)/2 + PE + PJ
    Clock Jitter             (CJ):    0.220ns
    Phase Error              (PE):    0.000ns
    Phase Jitter             (PJ):    0.000ns
  Clock Net Delay (Source):      1.975ns (routing 0.261ns, distribution 1.714ns)
  Clock Net Delay (Destination): 1.712ns (routing 0.238ns, distribution 1.474ns)
  Timing Exception:       False Path

    Location             Delay type                Incr(ns)  Path(ns)    Netlist Resource(s)
  -------------------------------------------------------------------    -------------------
                         (clock clk_pl_0 rise edge)
                                                      0.000     0.000 r  
    PS9_X0Y0             PS9                          0.000     0.000 r  ps_block/versal_cips_0/U0/pspmc_0/U0/PS9_inst/PMCRCLKCLK[0]
                         net (fo=1, routed)           0.000     0.000    ps_block/versal_cips_0/U0/pspmc_0/U0/pmc_pl_ref_clk[0]
    BUFG_PS_X0Y6         BUFG_PS (Prop_BUFG_PS_I_O)
                                                      0.141     0.141 r  ps_block/versal_cips_0/U0/pspmc_0/U0/buffer_pl_clk_0.PL_CLK_0_BUFG/O
    X1Y1 (CLOCK_ROOT)    net (fo=1031, routed)        1.975     2.116    ps_block/axi_smc/inst/clk_map/psr_aclk/U0/aclk
    SLICE_X54Y33         FDRE                                         r  ps_block/axi_smc/inst/clk_map/psr_aclk/U0/ACTIVE_LOW_BSR_OUT_DFF[0].FDRE_BSR_N/C
  -------------------------------------------------------------------    -------------------
    SLICE_X54Y33         FDRE (Prop_BFF_SLICEL_C_Q)
                                                      0.127     2.243 r  ps_block/axi_smc/inst/clk_map/psr_aclk/U0/ACTIVE_LOW_BSR_OUT_DFF[0].FDRE_BSR_N/Q
                         net (fo=27, routed)          0.599     2.842    ps_block/axi_smc/inst/s00_nodes/s00_aw_node/inst/s_sc_xpm_cdc_async_rst_inst/src_arst
    SLICE_X59Y24         FDCE                                         f  ps_block/axi_smc/inst/s00_nodes/s00_aw_node/inst/s_sc_xpm_cdc_async_rst_inst/arststages_ff_reg[0]/CLR  (IS_INVERTED)
  -------------------------------------------------------------------    -------------------

                         (clock clk_pl_0 rise edge)
                                                      0.000     0.000 r  
    PS9_X0Y0             PS9                          0.000     0.000 r  ps_block/versal_cips_0/U0/pspmc_0/U0/PS9_inst/PMCRCLKCLK[0]
                         net (fo=1, routed)           0.000     0.000    ps_block/versal_cips_0/U0/pspmc_0/U0/pmc_pl_ref_clk[0]
    BUFG_PS_X0Y6         BUFG_PS (Prop_BUFG_PS_I_O)
                                                      0.072     0.072 r  ps_block/versal_cips_0/U0/pspmc_0/U0/buffer_pl_clk_0.PL_CLK_0_BUFG/O
    X1Y1 (CLOCK_ROOT)    net (fo=1031, routed)        1.712     1.784    ps_block/axi_smc/inst/s00_nodes/s00_aw_node/inst/s_sc_xpm_cdc_async_rst_inst/dest_clk
    SLICE_X59Y24         FDCE                                         r  ps_block/axi_smc/inst/s00_nodes/s00_aw_node/inst/s_sc_xpm_cdc_async_rst_inst/arststages_ff_reg[0]/C

Slack:                    inf
  Source:                 ps_block/axi_smc/inst/clk_map/psr_aclk/U0/ACTIVE_LOW_BSR_OUT_DFF[0].FDRE_BSR_N/C
                            (rising edge-triggered cell FDRE clocked by clk_pl_0  {rise@0.000ns fall@5.000ns period=10.000ns})
  Destination:            ps_block/axi_smc/inst/s00_nodes/s00_aw_node/inst/s_sc_xpm_cdc_async_rst_inst/arststages_ff_reg[1]/CLR
                            (recovery check against rising-edge clock clk_pl_0  {rise@0.000ns fall@5.000ns period=10.000ns})
  Path Group:             (none)
  Path Type:              Recovery (Max at Slow Process Corner)
  Data Path Delay:        0.726ns  (logic 0.127ns (17.497%)  route 0.599ns (82.503%))
  Logic Levels:           0  
  Clock Path Skew:        -0.333ns (DCD - SCD + CPR)
    Destination Clock Delay (DCD):    1.784ns
    Source Clock Delay      (SCD):    2.116ns
    Clock Pessimism Removal (CPR):    0.000ns
  Clock Uncertainty:      0.110ns  (CJ)/2 + PE + PJ
    Clock Jitter             (CJ):    0.220ns
    Phase Error              (PE):    0.000ns
    Phase Jitter             (PJ):    0.000ns
  Clock Net Delay (Source):      1.975ns (routing 0.261ns, distribution 1.714ns)
  Clock Net Delay (Destination): 1.712ns (routing 0.238ns, distribution 1.474ns)
  Timing Exception:       False Path

    Location             Delay type                Incr(ns)  Path(ns)    Netlist Resource(s)
  -------------------------------------------------------------------    -------------------
                         (clock clk_pl_0 rise edge)
                                                      0.000     0.000 r  
    PS9_X0Y0             PS9                          0.000     0.000 r  ps_block/versal_cips_0/U0/pspmc_0/U0/PS9_inst/PMCRCLKCLK[0]
                         net (fo=1, routed)           0.000     0.000    ps_block/versal_cips_0/U0/pspmc_0/U0/pmc_pl_ref_clk[0]
    BUFG_PS_X0Y6         BUFG_PS (Prop_BUFG_PS_I_O)
                                                      0.141     0.141 r  ps_block/versal_cips_0/U0/pspmc_0/U0/buffer_pl_clk_0.PL_CLK_0_BUFG/O
    X1Y1 (CLOCK_ROOT)    net (fo=1031, routed)        1.975     2.116    ps_block/axi_smc/inst/clk_map/psr_aclk/U0/aclk
    SLICE_X54Y33         FDRE                                         r  ps_block/axi_smc/inst/clk_map/psr_aclk/U0/ACTIVE_LOW_BSR_OUT_DFF[0].FDRE_BSR_N/C
  -------------------------------------------------------------------    -------------------
    SLICE_X54Y33         FDRE (Prop_BFF_SLICEL_C_Q)
                                                      0.127     2.243 r  ps_block/axi_smc/inst/clk_map/psr_aclk/U0/ACTIVE_LOW_BSR_OUT_DFF[0].FDRE_BSR_N/Q
                         net (fo=27, routed)          0.599     2.842    ps_block/axi_smc/inst/s00_nodes/s00_aw_node/inst/s_sc_xpm_cdc_async_rst_inst/src_arst
    SLICE_X59Y24         FDCE                                         f  ps_block/axi_smc/inst/s00_nodes/s00_aw_node/inst/s_sc_xpm_cdc_async_rst_inst/arststages_ff_reg[1]/CLR  (IS_INVERTED)
  -------------------------------------------------------------------    -------------------

                         (clock clk_pl_0 rise edge)
                                                      0.000     0.000 r  
    PS9_X0Y0             PS9                          0.000     0.000 r  ps_block/versal_cips_0/U0/pspmc_0/U0/PS9_inst/PMCRCLKCLK[0]
                         net (fo=1, routed)           0.000     0.000    ps_block/versal_cips_0/U0/pspmc_0/U0/pmc_pl_ref_clk[0]
    BUFG_PS_X0Y6         BUFG_PS (Prop_BUFG_PS_I_O)
                                                      0.072     0.072 r  ps_block/versal_cips_0/U0/pspmc_0/U0/buffer_pl_clk_0.PL_CLK_0_BUFG/O
    X1Y1 (CLOCK_ROOT)    net (fo=1031, routed)        1.712     1.784    ps_block/axi_smc/inst/s00_nodes/s00_aw_node/inst/s_sc_xpm_cdc_async_rst_inst/dest_clk
    SLICE_X59Y24         FDCE                                         r  ps_block/axi_smc/inst/s00_nodes/s00_aw_node/inst/s_sc_xpm_cdc_async_rst_inst/arststages_ff_reg[1]/C

Slack:                    inf
  Source:                 ps_block/axi_smc/inst/clk_map/psr_aclk/U0/ACTIVE_LOW_BSR_OUT_DFF[0].FDRE_BSR_N/C
                            (rising edge-triggered cell FDRE clocked by clk_pl_0  {rise@0.000ns fall@5.000ns period=10.000ns})
  Destination:            ps_block/axi_smc/inst/s00_nodes/s00_aw_node/inst/s_sc_xpm_cdc_async_rst_inst/arststages_ff_reg[2]/CLR
                            (recovery check against rising-edge clock clk_pl_0  {rise@0.000ns fall@5.000ns period=10.000ns})
  Path Group:             (none)
  Path Type:              Recovery (Max at Slow Process Corner)
  Data Path Delay:        0.726ns  (logic 0.127ns (17.497%)  route 0.599ns (82.503%))
  Logic Levels:           0  
  Clock Path Skew:        -0.333ns (DCD - SCD + CPR)
    Destination Clock Delay (DCD):    1.784ns
    Source Clock Delay      (SCD):    2.116ns
    Clock Pessimism Removal (CPR):    0.000ns
  Clock Uncertainty:      0.110ns  (CJ)/2 + PE + PJ
    Clock Jitter             (CJ):    0.220ns
    Phase Error              (PE):    0.000ns
    Phase Jitter             (PJ):    0.000ns
  Clock Net Delay (Source):      1.975ns (routing 0.261ns, distribution 1.714ns)
  Clock Net Delay (Destination): 1.712ns (routing 0.238ns, distribution 1.474ns)
  Timing Exception:       False Path

    Location             Delay type                Incr(ns)  Path(ns)    Netlist Resource(s)
  -------------------------------------------------------------------    -------------------
                         (clock clk_pl_0 rise edge)
                                                      0.000     0.000 r  
    PS9_X0Y0             PS9                          0.000     0.000 r  ps_block/versal_cips_0/U0/pspmc_0/U0/PS9_inst/PMCRCLKCLK[0]
                         net (fo=1, routed)           0.000     0.000    ps_block/versal_cips_0/U0/pspmc_0/U0/pmc_pl_ref_clk[0]
    BUFG_PS_X0Y6         BUFG_PS (Prop_BUFG_PS_I_O)
                                                      0.141     0.141 r  ps_block/versal_cips_0/U0/pspmc_0/U0/buffer_pl_clk_0.PL_CLK_0_BUFG/O
    X1Y1 (CLOCK_ROOT)    net (fo=1031, routed)        1.975     2.116    ps_block/axi_smc/inst/clk_map/psr_aclk/U0/aclk
    SLICE_X54Y33         FDRE                                         r  ps_block/axi_smc/inst/clk_map/psr_aclk/U0/ACTIVE_LOW_BSR_OUT_DFF[0].FDRE_BSR_N/C
  -------------------------------------------------------------------    -------------------
    SLICE_X54Y33         FDRE (Prop_BFF_SLICEL_C_Q)
                                                      0.127     2.243 r  ps_block/axi_smc/inst/clk_map/psr_aclk/U0/ACTIVE_LOW_BSR_OUT_DFF[0].FDRE_BSR_N/Q
                         net (fo=27, routed)          0.599     2.842    ps_block/axi_smc/inst/s00_nodes/s00_aw_node/inst/s_sc_xpm_cdc_async_rst_inst/src_arst
    SLICE_X59Y24         FDCE                                         f  ps_block/axi_smc/inst/s00_nodes/s00_aw_node/inst/s_sc_xpm_cdc_async_rst_inst/arststages_ff_reg[2]/CLR  (IS_INVERTED)
  -------------------------------------------------------------------    -------------------

                         (clock clk_pl_0 rise edge)
                                                      0.000     0.000 r  
    PS9_X0Y0             PS9                          0.000     0.000 r  ps_block/versal_cips_0/U0/pspmc_0/U0/PS9_inst/PMCRCLKCLK[0]
                         net (fo=1, routed)           0.000     0.000    ps_block/versal_cips_0/U0/pspmc_0/U0/pmc_pl_ref_clk[0]
    BUFG_PS_X0Y6         BUFG_PS (Prop_BUFG_PS_I_O)
                                                      0.072     0.072 r  ps_block/versal_cips_0/U0/pspmc_0/U0/buffer_pl_clk_0.PL_CLK_0_BUFG/O
    X1Y1 (CLOCK_ROOT)    net (fo=1031, routed)        1.712     1.784    ps_block/axi_smc/inst/s00_nodes/s00_aw_node/inst/s_sc_xpm_cdc_async_rst_inst/dest_clk
    SLICE_X59Y24         FDCE                                         r  ps_block/axi_smc/inst/s00_nodes/s00_aw_node/inst/s_sc_xpm_cdc_async_rst_inst/arststages_ff_reg[2]/C

Slack:                    inf
  Source:                 ps_block/axi_smc/inst/clk_map/psr_aclk/U0/ACTIVE_LOW_BSR_OUT_DFF[0].FDRE_BSR_N/C
                            (rising edge-triggered cell FDRE clocked by clk_pl_0  {rise@0.000ns fall@5.000ns period=10.000ns})
  Destination:            ps_block/axi_smc/inst/s00_nodes/s00_w_node/inst/s_sc_xpm_cdc_async_rst_inst/arststages_ff_reg[0]/CLR
                            (recovery check against rising-edge clock clk_pl_0  {rise@0.000ns fall@5.000ns period=10.000ns})
  Path Group:             (none)
  Path Type:              Recovery (Max at Slow Process Corner)
  Data Path Delay:        0.726ns  (logic 0.127ns (17.497%)  route 0.599ns (82.503%))
  Logic Levels:           0  
  Clock Path Skew:        -0.333ns (DCD - SCD + CPR)
    Destination Clock Delay (DCD):    1.784ns
    Source Clock Delay      (SCD):    2.116ns
    Clock Pessimism Removal (CPR):    0.000ns
  Clock Uncertainty:      0.110ns  (CJ)/2 + PE + PJ
    Clock Jitter             (CJ):    0.220ns
    Phase Error              (PE):    0.000ns
    Phase Jitter             (PJ):    0.000ns
  Clock Net Delay (Source):      1.975ns (routing 0.261ns, distribution 1.714ns)
  Clock Net Delay (Destination): 1.712ns (routing 0.238ns, distribution 1.474ns)
  Timing Exception:       False Path

    Location             Delay type                Incr(ns)  Path(ns)    Netlist Resource(s)
  -------------------------------------------------------------------    -------------------
                         (clock clk_pl_0 rise edge)
                                                      0.000     0.000 r  
    PS9_X0Y0             PS9                          0.000     0.000 r  ps_block/versal_cips_0/U0/pspmc_0/U0/PS9_inst/PMCRCLKCLK[0]
                         net (fo=1, routed)           0.000     0.000    ps_block/versal_cips_0/U0/pspmc_0/U0/pmc_pl_ref_clk[0]
    BUFG_PS_X0Y6         BUFG_PS (Prop_BUFG_PS_I_O)
                                                      0.141     0.141 r  ps_block/versal_cips_0/U0/pspmc_0/U0/buffer_pl_clk_0.PL_CLK_0_BUFG/O
    X1Y1 (CLOCK_ROOT)    net (fo=1031, routed)        1.975     2.116    ps_block/axi_smc/inst/clk_map/psr_aclk/U0/aclk
    SLICE_X54Y33         FDRE                                         r  ps_block/axi_smc/inst/clk_map/psr_aclk/U0/ACTIVE_LOW_BSR_OUT_DFF[0].FDRE_BSR_N/C
  -------------------------------------------------------------------    -------------------
    SLICE_X54Y33         FDRE (Prop_BFF_SLICEL_C_Q)
                                                      0.127     2.243 r  ps_block/axi_smc/inst/clk_map/psr_aclk/U0/ACTIVE_LOW_BSR_OUT_DFF[0].FDRE_BSR_N/Q
                         net (fo=27, routed)          0.599     2.842    ps_block/axi_smc/inst/s00_nodes/s00_w_node/inst/s_sc_xpm_cdc_async_rst_inst/src_arst
    SLICE_X59Y24         FDCE                                         f  ps_block/axi_smc/inst/s00_nodes/s00_w_node/inst/s_sc_xpm_cdc_async_rst_inst/arststages_ff_reg[0]/CLR  (IS_INVERTED)
  -------------------------------------------------------------------    -------------------

                         (clock clk_pl_0 rise edge)
                                                      0.000     0.000 r  
    PS9_X0Y0             PS9                          0.000     0.000 r  ps_block/versal_cips_0/U0/pspmc_0/U0/PS9_inst/PMCRCLKCLK[0]
                         net (fo=1, routed)           0.000     0.000    ps_block/versal_cips_0/U0/pspmc_0/U0/pmc_pl_ref_clk[0]
    BUFG_PS_X0Y6         BUFG_PS (Prop_BUFG_PS_I_O)
                                                      0.072     0.072 r  ps_block/versal_cips_0/U0/pspmc_0/U0/buffer_pl_clk_0.PL_CLK_0_BUFG/O
    X1Y1 (CLOCK_ROOT)    net (fo=1031, routed)        1.712     1.784    ps_block/axi_smc/inst/s00_nodes/s00_w_node/inst/s_sc_xpm_cdc_async_rst_inst/dest_clk
    SLICE_X59Y24         FDCE                                         r  ps_block/axi_smc/inst/s00_nodes/s00_w_node/inst/s_sc_xpm_cdc_async_rst_inst/arststages_ff_reg[0]/C

Slack:                    inf
  Source:                 ps_block/axi_smc/inst/clk_map/psr_aclk/U0/ACTIVE_LOW_BSR_OUT_DFF[0].FDRE_BSR_N/C
                            (rising edge-triggered cell FDRE clocked by clk_pl_0  {rise@0.000ns fall@5.000ns period=10.000ns})
  Destination:            ps_block/axi_smc/inst/s00_nodes/s00_w_node/inst/s_sc_xpm_cdc_async_rst_inst/arststages_ff_reg[1]/CLR
                            (recovery check against rising-edge clock clk_pl_0  {rise@0.000ns fall@5.000ns period=10.000ns})
  Path Group:             (none)
  Path Type:              Recovery (Max at Slow Process Corner)
  Data Path Delay:        0.726ns  (logic 0.127ns (17.497%)  route 0.599ns (82.503%))
  Logic Levels:           0  
  Clock Path Skew:        -0.333ns (DCD - SCD + CPR)
    Destination Clock Delay (DCD):    1.784ns
    Source Clock Delay      (SCD):    2.116ns
    Clock Pessimism Removal (CPR):    0.000ns
  Clock Uncertainty:      0.110ns  (CJ)/2 + PE + PJ
    Clock Jitter             (CJ):    0.220ns
    Phase Error              (PE):    0.000ns
    Phase Jitter             (PJ):    0.000ns
  Clock Net Delay (Source):      1.975ns (routing 0.261ns, distribution 1.714ns)
  Clock Net Delay (Destination): 1.712ns (routing 0.238ns, distribution 1.474ns)
  Timing Exception:       False Path

    Location             Delay type                Incr(ns)  Path(ns)    Netlist Resource(s)
  -------------------------------------------------------------------    -------------------
                         (clock clk_pl_0 rise edge)
                                                      0.000     0.000 r  
    PS9_X0Y0             PS9                          0.000     0.000 r  ps_block/versal_cips_0/U0/pspmc_0/U0/PS9_inst/PMCRCLKCLK[0]
                         net (fo=1, routed)           0.000     0.000    ps_block/versal_cips_0/U0/pspmc_0/U0/pmc_pl_ref_clk[0]
    BUFG_PS_X0Y6         BUFG_PS (Prop_BUFG_PS_I_O)
                                                      0.141     0.141 r  ps_block/versal_cips_0/U0/pspmc_0/U0/buffer_pl_clk_0.PL_CLK_0_BUFG/O
    X1Y1 (CLOCK_ROOT)    net (fo=1031, routed)        1.975     2.116    ps_block/axi_smc/inst/clk_map/psr_aclk/U0/aclk
    SLICE_X54Y33         FDRE                                         r  ps_block/axi_smc/inst/clk_map/psr_aclk/U0/ACTIVE_LOW_BSR_OUT_DFF[0].FDRE_BSR_N/C
  -------------------------------------------------------------------    -------------------
    SLICE_X54Y33         FDRE (Prop_BFF_SLICEL_C_Q)
                                                      0.127     2.243 r  ps_block/axi_smc/inst/clk_map/psr_aclk/U0/ACTIVE_LOW_BSR_OUT_DFF[0].FDRE_BSR_N/Q
                         net (fo=27, routed)          0.599     2.842    ps_block/axi_smc/inst/s00_nodes/s00_w_node/inst/s_sc_xpm_cdc_async_rst_inst/src_arst
    SLICE_X59Y24         FDCE                                         f  ps_block/axi_smc/inst/s00_nodes/s00_w_node/inst/s_sc_xpm_cdc_async_rst_inst/arststages_ff_reg[1]/CLR  (IS_INVERTED)
  -------------------------------------------------------------------    -------------------

                         (clock clk_pl_0 rise edge)
                                                      0.000     0.000 r  
    PS9_X0Y0             PS9                          0.000     0.000 r  ps_block/versal_cips_0/U0/pspmc_0/U0/PS9_inst/PMCRCLKCLK[0]
                         net (fo=1, routed)           0.000     0.000    ps_block/versal_cips_0/U0/pspmc_0/U0/pmc_pl_ref_clk[0]
    BUFG_PS_X0Y6         BUFG_PS (Prop_BUFG_PS_I_O)
                                                      0.072     0.072 r  ps_block/versal_cips_0/U0/pspmc_0/U0/buffer_pl_clk_0.PL_CLK_0_BUFG/O
    X1Y1 (CLOCK_ROOT)    net (fo=1031, routed)        1.712     1.784    ps_block/axi_smc/inst/s00_nodes/s00_w_node/inst/s_sc_xpm_cdc_async_rst_inst/dest_clk
    SLICE_X59Y24         FDCE                                         r  ps_block/axi_smc/inst/s00_nodes/s00_w_node/inst/s_sc_xpm_cdc_async_rst_inst/arststages_ff_reg[1]/C

Slack:                    inf
  Source:                 ps_block/axi_smc/inst/clk_map/psr_aclk/U0/ACTIVE_LOW_BSR_OUT_DFF[0].FDRE_BSR_N/C
                            (rising edge-triggered cell FDRE clocked by clk_pl_0  {rise@0.000ns fall@5.000ns period=10.000ns})
  Destination:            ps_block/axi_smc/inst/s00_nodes/s00_w_node/inst/s_sc_xpm_cdc_async_rst_inst/arststages_ff_reg[2]/CLR
                            (recovery check against rising-edge clock clk_pl_0  {rise@0.000ns fall@5.000ns period=10.000ns})
  Path Group:             (none)
  Path Type:              Recovery (Max at Slow Process Corner)
  Data Path Delay:        0.726ns  (logic 0.127ns (17.497%)  route 0.599ns (82.503%))
  Logic Levels:           0  
  Clock Path Skew:        -0.333ns (DCD - SCD + CPR)
    Destination Clock Delay (DCD):    1.784ns
    Source Clock Delay      (SCD):    2.116ns
    Clock Pessimism Removal (CPR):    0.000ns
  Clock Uncertainty:      0.110ns  (CJ)/2 + PE + PJ
    Clock Jitter             (CJ):    0.220ns
    Phase Error              (PE):    0.000ns
    Phase Jitter             (PJ):    0.000ns
  Clock Net Delay (Source):      1.975ns (routing 0.261ns, distribution 1.714ns)
  Clock Net Delay (Destination): 1.712ns (routing 0.238ns, distribution 1.474ns)
  Timing Exception:       False Path

    Location             Delay type                Incr(ns)  Path(ns)    Netlist Resource(s)
  -------------------------------------------------------------------    -------------------
                         (clock clk_pl_0 rise edge)
                                                      0.000     0.000 r  
    PS9_X0Y0             PS9                          0.000     0.000 r  ps_block/versal_cips_0/U0/pspmc_0/U0/PS9_inst/PMCRCLKCLK[0]
                         net (fo=1, routed)           0.000     0.000    ps_block/versal_cips_0/U0/pspmc_0/U0/pmc_pl_ref_clk[0]
    BUFG_PS_X0Y6         BUFG_PS (Prop_BUFG_PS_I_O)
                                                      0.141     0.141 r  ps_block/versal_cips_0/U0/pspmc_0/U0/buffer_pl_clk_0.PL_CLK_0_BUFG/O
    X1Y1 (CLOCK_ROOT)    net (fo=1031, routed)        1.975     2.116    ps_block/axi_smc/inst/clk_map/psr_aclk/U0/aclk
    SLICE_X54Y33         FDRE                                         r  ps_block/axi_smc/inst/clk_map/psr_aclk/U0/ACTIVE_LOW_BSR_OUT_DFF[0].FDRE_BSR_N/C
  -------------------------------------------------------------------    -------------------
    SLICE_X54Y33         FDRE (Prop_BFF_SLICEL_C_Q)
                                                      0.127     2.243 r  ps_block/axi_smc/inst/clk_map/psr_aclk/U0/ACTIVE_LOW_BSR_OUT_DFF[0].FDRE_BSR_N/Q
                         net (fo=27, routed)          0.599     2.842    ps_block/axi_smc/inst/s00_nodes/s00_w_node/inst/s_sc_xpm_cdc_async_rst_inst/src_arst
    SLICE_X59Y24         FDCE                                         f  ps_block/axi_smc/inst/s00_nodes/s00_w_node/inst/s_sc_xpm_cdc_async_rst_inst/arststages_ff_reg[2]/CLR  (IS_INVERTED)
  -------------------------------------------------------------------    -------------------

                         (clock clk_pl_0 rise edge)
                                                      0.000     0.000 r  
    PS9_X0Y0             PS9                          0.000     0.000 r  ps_block/versal_cips_0/U0/pspmc_0/U0/PS9_inst/PMCRCLKCLK[0]
                         net (fo=1, routed)           0.000     0.000    ps_block/versal_cips_0/U0/pspmc_0/U0/pmc_pl_ref_clk[0]
    BUFG_PS_X0Y6         BUFG_PS (Prop_BUFG_PS_I_O)
                                                      0.072     0.072 r  ps_block/versal_cips_0/U0/pspmc_0/U0/buffer_pl_clk_0.PL_CLK_0_BUFG/O
    X1Y1 (CLOCK_ROOT)    net (fo=1031, routed)        1.712     1.784    ps_block/axi_smc/inst/s00_nodes/s00_w_node/inst/s_sc_xpm_cdc_async_rst_inst/dest_clk
    SLICE_X59Y24         FDCE                                         r  ps_block/axi_smc/inst/s00_nodes/s00_w_node/inst/s_sc_xpm_cdc_async_rst_inst/arststages_ff_reg[2]/C

Slack:                    inf
  Source:                 ps_block/axi_smc/inst/clk_map/psr_aclk/U0/ACTIVE_LOW_BSR_OUT_DFF[0].FDRE_BSR_N/C
                            (rising edge-triggered cell FDRE clocked by clk_pl_0  {rise@0.000ns fall@5.000ns period=10.000ns})
  Destination:            ps_block/axi_smc/inst/m00_exit_pipeline/m00_exit/inst/xpm_cdc_async_rst_inst/arststages_ff_reg[0]/CLR
                            (recovery check against rising-edge clock clk_pl_0  {rise@0.000ns fall@5.000ns period=10.000ns})
  Path Group:             (none)
  Path Type:              Recovery (Max at Slow Process Corner)
  Data Path Delay:        0.718ns  (logic 0.127ns (17.678%)  route 0.591ns (82.322%))
  Logic Levels:           0  
  Clock Path Skew:        -0.329ns (DCD - SCD + CPR)
    Destination Clock Delay (DCD):    1.788ns
    Source Clock Delay      (SCD):    2.116ns
    Clock Pessimism Removal (CPR):    0.000ns
  Clock Uncertainty:      0.110ns  (CJ)/2 + PE + PJ
    Clock Jitter             (CJ):    0.220ns
    Phase Error              (PE):    0.000ns
    Phase Jitter             (PJ):    0.000ns
  Clock Net Delay (Source):      1.975ns (routing 0.261ns, distribution 1.714ns)
  Clock Net Delay (Destination): 1.716ns (routing 0.238ns, distribution 1.478ns)
  Timing Exception:       False Path

    Location             Delay type                Incr(ns)  Path(ns)    Netlist Resource(s)
  -------------------------------------------------------------------    -------------------
                         (clock clk_pl_0 rise edge)
                                                      0.000     0.000 r  
    PS9_X0Y0             PS9                          0.000     0.000 r  ps_block/versal_cips_0/U0/pspmc_0/U0/PS9_inst/PMCRCLKCLK[0]
                         net (fo=1, routed)           0.000     0.000    ps_block/versal_cips_0/U0/pspmc_0/U0/pmc_pl_ref_clk[0]
    BUFG_PS_X0Y6         BUFG_PS (Prop_BUFG_PS_I_O)
                                                      0.141     0.141 r  ps_block/versal_cips_0/U0/pspmc_0/U0/buffer_pl_clk_0.PL_CLK_0_BUFG/O
    X1Y1 (CLOCK_ROOT)    net (fo=1031, routed)        1.975     2.116    ps_block/axi_smc/inst/clk_map/psr_aclk/U0/aclk
    SLICE_X54Y33         FDRE                                         r  ps_block/axi_smc/inst/clk_map/psr_aclk/U0/ACTIVE_LOW_BSR_OUT_DFF[0].FDRE_BSR_N/C
  -------------------------------------------------------------------    -------------------
    SLICE_X54Y33         FDRE (Prop_BFF_SLICEL_C_Q)
                                                      0.127     2.243 r  ps_block/axi_smc/inst/clk_map/psr_aclk/U0/ACTIVE_LOW_BSR_OUT_DFF[0].FDRE_BSR_N/Q
                         net (fo=27, routed)          0.591     2.835    ps_block/axi_smc/inst/m00_exit_pipeline/m00_exit/inst/xpm_cdc_async_rst_inst/src_arst
    SLICE_X59Y25         FDCE                                         f  ps_block/axi_smc/inst/m00_exit_pipeline/m00_exit/inst/xpm_cdc_async_rst_inst/arststages_ff_reg[0]/CLR  (IS_INVERTED)
  -------------------------------------------------------------------    -------------------

                         (clock clk_pl_0 rise edge)
                                                      0.000     0.000 r  
    PS9_X0Y0             PS9                          0.000     0.000 r  ps_block/versal_cips_0/U0/pspmc_0/U0/PS9_inst/PMCRCLKCLK[0]
                         net (fo=1, routed)           0.000     0.000    ps_block/versal_cips_0/U0/pspmc_0/U0/pmc_pl_ref_clk[0]
    BUFG_PS_X0Y6         BUFG_PS (Prop_BUFG_PS_I_O)
                                                      0.072     0.072 r  ps_block/versal_cips_0/U0/pspmc_0/U0/buffer_pl_clk_0.PL_CLK_0_BUFG/O
    X1Y1 (CLOCK_ROOT)    net (fo=1031, routed)        1.716     1.788    ps_block/axi_smc/inst/m00_exit_pipeline/m00_exit/inst/xpm_cdc_async_rst_inst/dest_clk
    SLICE_X59Y25         FDCE                                         r  ps_block/axi_smc/inst/m00_exit_pipeline/m00_exit/inst/xpm_cdc_async_rst_inst/arststages_ff_reg[0]/C

Slack:                    inf
  Source:                 ps_block/axi_smc/inst/clk_map/psr_aclk/U0/ACTIVE_LOW_BSR_OUT_DFF[0].FDRE_BSR_N/C
                            (rising edge-triggered cell FDRE clocked by clk_pl_0  {rise@0.000ns fall@5.000ns period=10.000ns})
  Destination:            ps_block/axi_smc/inst/m00_exit_pipeline/m00_exit/inst/xpm_cdc_async_rst_inst/arststages_ff_reg[1]/CLR
                            (recovery check against rising-edge clock clk_pl_0  {rise@0.000ns fall@5.000ns period=10.000ns})
  Path Group:             (none)
  Path Type:              Recovery (Max at Slow Process Corner)
  Data Path Delay:        0.718ns  (logic 0.127ns (17.678%)  route 0.591ns (82.322%))
  Logic Levels:           0  
  Clock Path Skew:        -0.329ns (DCD - SCD + CPR)
    Destination Clock Delay (DCD):    1.788ns
    Source Clock Delay      (SCD):    2.116ns
    Clock Pessimism Removal (CPR):    0.000ns
  Clock Uncertainty:      0.110ns  (CJ)/2 + PE + PJ
    Clock Jitter             (CJ):    0.220ns
    Phase Error              (PE):    0.000ns
    Phase Jitter             (PJ):    0.000ns
  Clock Net Delay (Source):      1.975ns (routing 0.261ns, distribution 1.714ns)
  Clock Net Delay (Destination): 1.716ns (routing 0.238ns, distribution 1.478ns)
  Timing Exception:       False Path

    Location             Delay type                Incr(ns)  Path(ns)    Netlist Resource(s)
  -------------------------------------------------------------------    -------------------
                         (clock clk_pl_0 rise edge)
                                                      0.000     0.000 r  
    PS9_X0Y0             PS9                          0.000     0.000 r  ps_block/versal_cips_0/U0/pspmc_0/U0/PS9_inst/PMCRCLKCLK[0]
                         net (fo=1, routed)           0.000     0.000    ps_block/versal_cips_0/U0/pspmc_0/U0/pmc_pl_ref_clk[0]
    BUFG_PS_X0Y6         BUFG_PS (Prop_BUFG_PS_I_O)
                                                      0.141     0.141 r  ps_block/versal_cips_0/U0/pspmc_0/U0/buffer_pl_clk_0.PL_CLK_0_BUFG/O
    X1Y1 (CLOCK_ROOT)    net (fo=1031, routed)        1.975     2.116    ps_block/axi_smc/inst/clk_map/psr_aclk/U0/aclk
    SLICE_X54Y33         FDRE                                         r  ps_block/axi_smc/inst/clk_map/psr_aclk/U0/ACTIVE_LOW_BSR_OUT_DFF[0].FDRE_BSR_N/C
  -------------------------------------------------------------------    -------------------
    SLICE_X54Y33         FDRE (Prop_BFF_SLICEL_C_Q)
                                                      0.127     2.243 r  ps_block/axi_smc/inst/clk_map/psr_aclk/U0/ACTIVE_LOW_BSR_OUT_DFF[0].FDRE_BSR_N/Q
                         net (fo=27, routed)          0.591     2.835    ps_block/axi_smc/inst/m00_exit_pipeline/m00_exit/inst/xpm_cdc_async_rst_inst/src_arst
    SLICE_X59Y25         FDCE                                         f  ps_block/axi_smc/inst/m00_exit_pipeline/m00_exit/inst/xpm_cdc_async_rst_inst/arststages_ff_reg[1]/CLR  (IS_INVERTED)
  -------------------------------------------------------------------    -------------------

                         (clock clk_pl_0 rise edge)
                                                      0.000     0.000 r  
    PS9_X0Y0             PS9                          0.000     0.000 r  ps_block/versal_cips_0/U0/pspmc_0/U0/PS9_inst/PMCRCLKCLK[0]
                         net (fo=1, routed)           0.000     0.000    ps_block/versal_cips_0/U0/pspmc_0/U0/pmc_pl_ref_clk[0]
    BUFG_PS_X0Y6         BUFG_PS (Prop_BUFG_PS_I_O)
                                                      0.072     0.072 r  ps_block/versal_cips_0/U0/pspmc_0/U0/buffer_pl_clk_0.PL_CLK_0_BUFG/O
    X1Y1 (CLOCK_ROOT)    net (fo=1031, routed)        1.716     1.788    ps_block/axi_smc/inst/m00_exit_pipeline/m00_exit/inst/xpm_cdc_async_rst_inst/dest_clk
    SLICE_X59Y25         FDCE                                         r  ps_block/axi_smc/inst/m00_exit_pipeline/m00_exit/inst/xpm_cdc_async_rst_inst/arststages_ff_reg[1]/C

Slack:                    inf
  Source:                 ps_block/axi_smc/inst/clk_map/psr_aclk/U0/ACTIVE_LOW_BSR_OUT_DFF[0].FDRE_BSR_N/C
                            (rising edge-triggered cell FDRE clocked by clk_pl_0  {rise@0.000ns fall@5.000ns period=10.000ns})
  Destination:            ps_block/axi_smc/inst/m00_exit_pipeline/m00_exit/inst/xpm_cdc_async_rst_inst/arststages_ff_reg[2]/CLR
                            (recovery check against rising-edge clock clk_pl_0  {rise@0.000ns fall@5.000ns period=10.000ns})
  Path Group:             (none)
  Path Type:              Recovery (Max at Slow Process Corner)
  Data Path Delay:        0.718ns  (logic 0.127ns (17.678%)  route 0.591ns (82.322%))
  Logic Levels:           0  
  Clock Path Skew:        -0.329ns (DCD - SCD + CPR)
    Destination Clock Delay (DCD):    1.788ns
    Source Clock Delay      (SCD):    2.116ns
    Clock Pessimism Removal (CPR):    0.000ns
  Clock Uncertainty:      0.110ns  (CJ)/2 + PE + PJ
    Clock Jitter             (CJ):    0.220ns
    Phase Error              (PE):    0.000ns
    Phase Jitter             (PJ):    0.000ns
  Clock Net Delay (Source):      1.975ns (routing 0.261ns, distribution 1.714ns)
  Clock Net Delay (Destination): 1.716ns (routing 0.238ns, distribution 1.478ns)
  Timing Exception:       False Path

    Location             Delay type                Incr(ns)  Path(ns)    Netlist Resource(s)
  -------------------------------------------------------------------    -------------------
                         (clock clk_pl_0 rise edge)
                                                      0.000     0.000 r  
    PS9_X0Y0             PS9                          0.000     0.000 r  ps_block/versal_cips_0/U0/pspmc_0/U0/PS9_inst/PMCRCLKCLK[0]
                         net (fo=1, routed)           0.000     0.000    ps_block/versal_cips_0/U0/pspmc_0/U0/pmc_pl_ref_clk[0]
    BUFG_PS_X0Y6         BUFG_PS (Prop_BUFG_PS_I_O)
                                                      0.141     0.141 r  ps_block/versal_cips_0/U0/pspmc_0/U0/buffer_pl_clk_0.PL_CLK_0_BUFG/O
    X1Y1 (CLOCK_ROOT)    net (fo=1031, routed)        1.975     2.116    ps_block/axi_smc/inst/clk_map/psr_aclk/U0/aclk
    SLICE_X54Y33         FDRE                                         r  ps_block/axi_smc/inst/clk_map/psr_aclk/U0/ACTIVE_LOW_BSR_OUT_DFF[0].FDRE_BSR_N/C
  -------------------------------------------------------------------    -------------------
    SLICE_X54Y33         FDRE (Prop_BFF_SLICEL_C_Q)
                                                      0.127     2.243 r  ps_block/axi_smc/inst/clk_map/psr_aclk/U0/ACTIVE_LOW_BSR_OUT_DFF[0].FDRE_BSR_N/Q
                         net (fo=27, routed)          0.591     2.835    ps_block/axi_smc/inst/m00_exit_pipeline/m00_exit/inst/xpm_cdc_async_rst_inst/src_arst
    SLICE_X59Y25         FDCE                                         f  ps_block/axi_smc/inst/m00_exit_pipeline/m00_exit/inst/xpm_cdc_async_rst_inst/arststages_ff_reg[2]/CLR  (IS_INVERTED)
  -------------------------------------------------------------------    -------------------

                         (clock clk_pl_0 rise edge)
                                                      0.000     0.000 r  
    PS9_X0Y0             PS9                          0.000     0.000 r  ps_block/versal_cips_0/U0/pspmc_0/U0/PS9_inst/PMCRCLKCLK[0]
                         net (fo=1, routed)           0.000     0.000    ps_block/versal_cips_0/U0/pspmc_0/U0/pmc_pl_ref_clk[0]
    BUFG_PS_X0Y6         BUFG_PS (Prop_BUFG_PS_I_O)
                                                      0.072     0.072 r  ps_block/versal_cips_0/U0/pspmc_0/U0/buffer_pl_clk_0.PL_CLK_0_BUFG/O
    X1Y1 (CLOCK_ROOT)    net (fo=1031, routed)        1.716     1.788    ps_block/axi_smc/inst/m00_exit_pipeline/m00_exit/inst/xpm_cdc_async_rst_inst/dest_clk
    SLICE_X59Y25         FDCE                                         r  ps_block/axi_smc/inst/m00_exit_pipeline/m00_exit/inst/xpm_cdc_async_rst_inst/arststages_ff_reg[2]/C





Min Delay Paths
--------------------------------------------------------------------------------------
Slack:                    inf
  Source:                 ps_block/axi_smc/inst/clk_map/psr_aclk/U0/ACTIVE_LOW_BSR_OUT_DFF[0].FDRE_BSR_N/C
                            (rising edge-triggered cell FDRE clocked by clk_pl_0  {rise@0.000ns fall@5.000ns period=10.000ns})
  Destination:            ps_block/axi_smc/inst/s00_entry_pipeline/s00_mmu/inst/xpm_cdc_async_rst_inst/arststages_ff_reg[0]/CLR
                            (removal check against rising-edge clock clk_pl_0  {rise@0.000ns fall@5.000ns period=10.000ns})
  Path Group:             (none)
  Path Type:              Removal (Min at Fast Process Corner)
  Data Path Delay:        0.349ns  (logic 0.058ns (16.601%)  route 0.291ns (83.399%))
  Logic Levels:           0  
  Clock Path Skew:        0.204ns (DCD - SCD - CPR)
    Destination Clock Delay (DCD):    1.414ns
    Source Clock Delay      (SCD):    1.211ns
    Clock Pessimism Removal (CPR):    -0.000ns
  Clock Uncertainty:      0.110ns  (CJ)/2 + PE + PJ
    Clock Jitter             (CJ):    0.220ns
    Phase Error              (PE):    0.000ns
    Phase Jitter             (PJ):    0.000ns
  Clock Net Delay (Source):      1.159ns (routing 0.165ns, distribution 0.994ns)
  Clock Net Delay (Destination): 1.318ns (routing 0.187ns, distribution 1.131ns)
  Timing Exception:       False Path

    Location             Delay type                Incr(ns)  Path(ns)    Netlist Resource(s)
  -------------------------------------------------------------------    -------------------
                         (clock clk_pl_0 rise edge)
                                                      0.000     0.000 r  
    PS9_X0Y0             PS9                          0.000     0.000 r  ps_block/versal_cips_0/U0/pspmc_0/U0/PS9_inst/PMCRCLKCLK[0]
                         net (fo=1, routed)           0.000     0.000    ps_block/versal_cips_0/U0/pspmc_0/U0/pmc_pl_ref_clk[0]
    BUFG_PS_X0Y6         BUFG_PS (Prop_BUFG_PS_I_O)
                                                      0.052     0.052 r  ps_block/versal_cips_0/U0/pspmc_0/U0/buffer_pl_clk_0.PL_CLK_0_BUFG/O
    X1Y1 (CLOCK_ROOT)    net (fo=1031, routed)        1.159     1.211    ps_block/axi_smc/inst/clk_map/psr_aclk/U0/aclk
    SLICE_X54Y33         FDRE                                         r  ps_block/axi_smc/inst/clk_map/psr_aclk/U0/ACTIVE_LOW_BSR_OUT_DFF[0].FDRE_BSR_N/C
  -------------------------------------------------------------------    -------------------
    SLICE_X54Y33         FDRE (Prop_BFF_SLICEL_C_Q)
                                                      0.058     1.269 r  ps_block/axi_smc/inst/clk_map/psr_aclk/U0/ACTIVE_LOW_BSR_OUT_DFF[0].FDRE_BSR_N/Q
                         net (fo=27, routed)          0.291     1.560    ps_block/axi_smc/inst/s00_entry_pipeline/s00_mmu/inst/xpm_cdc_async_rst_inst/src_arst
    SLICE_X58Y26         FDCE                                         f  ps_block/axi_smc/inst/s00_entry_pipeline/s00_mmu/inst/xpm_cdc_async_rst_inst/arststages_ff_reg[0]/CLR  (IS_INVERTED)
  -------------------------------------------------------------------    -------------------

                         (clock clk_pl_0 rise edge)
                                                      0.000     0.000 r  
    PS9_X0Y0             PS9                          0.000     0.000 r  ps_block/versal_cips_0/U0/pspmc_0/U0/PS9_inst/PMCRCLKCLK[0]
                         net (fo=1, routed)           0.000     0.000    ps_block/versal_cips_0/U0/pspmc_0/U0/pmc_pl_ref_clk[0]
    BUFG_PS_X0Y6         BUFG_PS (Prop_BUFG_PS_I_O)
                                                      0.096     0.096 r  ps_block/versal_cips_0/U0/pspmc_0/U0/buffer_pl_clk_0.PL_CLK_0_BUFG/O
    X1Y1 (CLOCK_ROOT)    net (fo=1031, routed)        1.318     1.414    ps_block/axi_smc/inst/s00_entry_pipeline/s00_mmu/inst/xpm_cdc_async_rst_inst/dest_clk
    SLICE_X58Y26         FDCE                                         r  ps_block/axi_smc/inst/s00_entry_pipeline/s00_mmu/inst/xpm_cdc_async_rst_inst/arststages_ff_reg[0]/C

Slack:                    inf
  Source:                 ps_block/axi_smc/inst/clk_map/psr_aclk/U0/ACTIVE_LOW_BSR_OUT_DFF[0].FDRE_BSR_N/C
                            (rising edge-triggered cell FDRE clocked by clk_pl_0  {rise@0.000ns fall@5.000ns period=10.000ns})
  Destination:            ps_block/axi_smc/inst/s00_entry_pipeline/s00_mmu/inst/xpm_cdc_async_rst_inst/arststages_ff_reg[1]/CLR
                            (removal check against rising-edge clock clk_pl_0  {rise@0.000ns fall@5.000ns period=10.000ns})
  Path Group:             (none)
  Path Type:              Removal (Min at Fast Process Corner)
  Data Path Delay:        0.349ns  (logic 0.058ns (16.601%)  route 0.291ns (83.399%))
  Logic Levels:           0  
  Clock Path Skew:        0.204ns (DCD - SCD - CPR)
    Destination Clock Delay (DCD):    1.414ns
    Source Clock Delay      (SCD):    1.211ns
    Clock Pessimism Removal (CPR):    -0.000ns
  Clock Uncertainty:      0.110ns  (CJ)/2 + PE + PJ
    Clock Jitter             (CJ):    0.220ns
    Phase Error              (PE):    0.000ns
    Phase Jitter             (PJ):    0.000ns
  Clock Net Delay (Source):      1.159ns (routing 0.165ns, distribution 0.994ns)
  Clock Net Delay (Destination): 1.318ns (routing 0.187ns, distribution 1.131ns)
  Timing Exception:       False Path

    Location             Delay type                Incr(ns)  Path(ns)    Netlist Resource(s)
  -------------------------------------------------------------------    -------------------
                         (clock clk_pl_0 rise edge)
                                                      0.000     0.000 r  
    PS9_X0Y0             PS9                          0.000     0.000 r  ps_block/versal_cips_0/U0/pspmc_0/U0/PS9_inst/PMCRCLKCLK[0]
                         net (fo=1, routed)           0.000     0.000    ps_block/versal_cips_0/U0/pspmc_0/U0/pmc_pl_ref_clk[0]
    BUFG_PS_X0Y6         BUFG_PS (Prop_BUFG_PS_I_O)
                                                      0.052     0.052 r  ps_block/versal_cips_0/U0/pspmc_0/U0/buffer_pl_clk_0.PL_CLK_0_BUFG/O
    X1Y1 (CLOCK_ROOT)    net (fo=1031, routed)        1.159     1.211    ps_block/axi_smc/inst/clk_map/psr_aclk/U0/aclk
    SLICE_X54Y33         FDRE                                         r  ps_block/axi_smc/inst/clk_map/psr_aclk/U0/ACTIVE_LOW_BSR_OUT_DFF[0].FDRE_BSR_N/C
  -------------------------------------------------------------------    -------------------
    SLICE_X54Y33         FDRE (Prop_BFF_SLICEL_C_Q)
                                                      0.058     1.269 r  ps_block/axi_smc/inst/clk_map/psr_aclk/U0/ACTIVE_LOW_BSR_OUT_DFF[0].FDRE_BSR_N/Q
                         net (fo=27, routed)          0.291     1.560    ps_block/axi_smc/inst/s00_entry_pipeline/s00_mmu/inst/xpm_cdc_async_rst_inst/src_arst
    SLICE_X58Y26         FDCE                                         f  ps_block/axi_smc/inst/s00_entry_pipeline/s00_mmu/inst/xpm_cdc_async_rst_inst/arststages_ff_reg[1]/CLR  (IS_INVERTED)
  -------------------------------------------------------------------    -------------------

                         (clock clk_pl_0 rise edge)
                                                      0.000     0.000 r  
    PS9_X0Y0             PS9                          0.000     0.000 r  ps_block/versal_cips_0/U0/pspmc_0/U0/PS9_inst/PMCRCLKCLK[0]
                         net (fo=1, routed)           0.000     0.000    ps_block/versal_cips_0/U0/pspmc_0/U0/pmc_pl_ref_clk[0]
    BUFG_PS_X0Y6         BUFG_PS (Prop_BUFG_PS_I_O)
                                                      0.096     0.096 r  ps_block/versal_cips_0/U0/pspmc_0/U0/buffer_pl_clk_0.PL_CLK_0_BUFG/O
    X1Y1 (CLOCK_ROOT)    net (fo=1031, routed)        1.318     1.414    ps_block/axi_smc/inst/s00_entry_pipeline/s00_mmu/inst/xpm_cdc_async_rst_inst/dest_clk
    SLICE_X58Y26         FDCE                                         r  ps_block/axi_smc/inst/s00_entry_pipeline/s00_mmu/inst/xpm_cdc_async_rst_inst/arststages_ff_reg[1]/C

Slack:                    inf
  Source:                 ps_block/axi_smc/inst/clk_map/psr_aclk/U0/ACTIVE_LOW_BSR_OUT_DFF[0].FDRE_BSR_N/C
                            (rising edge-triggered cell FDRE clocked by clk_pl_0  {rise@0.000ns fall@5.000ns period=10.000ns})
  Destination:            ps_block/axi_smc/inst/s00_entry_pipeline/s00_mmu/inst/xpm_cdc_async_rst_inst/arststages_ff_reg[2]/CLR
                            (removal check against rising-edge clock clk_pl_0  {rise@0.000ns fall@5.000ns period=10.000ns})
  Path Group:             (none)
  Path Type:              Removal (Min at Fast Process Corner)
  Data Path Delay:        0.349ns  (logic 0.058ns (16.601%)  route 0.291ns (83.399%))
  Logic Levels:           0  
  Clock Path Skew:        0.204ns (DCD - SCD - CPR)
    Destination Clock Delay (DCD):    1.414ns
    Source Clock Delay      (SCD):    1.211ns
    Clock Pessimism Removal (CPR):    -0.000ns
  Clock Uncertainty:      0.110ns  (CJ)/2 + PE + PJ
    Clock Jitter             (CJ):    0.220ns
    Phase Error              (PE):    0.000ns
    Phase Jitter             (PJ):    0.000ns
  Clock Net Delay (Source):      1.159ns (routing 0.165ns, distribution 0.994ns)
  Clock Net Delay (Destination): 1.318ns (routing 0.187ns, distribution 1.131ns)
  Timing Exception:       False Path

    Location             Delay type                Incr(ns)  Path(ns)    Netlist Resource(s)
  -------------------------------------------------------------------    -------------------
                         (clock clk_pl_0 rise edge)
                                                      0.000     0.000 r  
    PS9_X0Y0             PS9                          0.000     0.000 r  ps_block/versal_cips_0/U0/pspmc_0/U0/PS9_inst/PMCRCLKCLK[0]
                         net (fo=1, routed)           0.000     0.000    ps_block/versal_cips_0/U0/pspmc_0/U0/pmc_pl_ref_clk[0]
    BUFG_PS_X0Y6         BUFG_PS (Prop_BUFG_PS_I_O)
                                                      0.052     0.052 r  ps_block/versal_cips_0/U0/pspmc_0/U0/buffer_pl_clk_0.PL_CLK_0_BUFG/O
    X1Y1 (CLOCK_ROOT)    net (fo=1031, routed)        1.159     1.211    ps_block/axi_smc/inst/clk_map/psr_aclk/U0/aclk
    SLICE_X54Y33         FDRE                                         r  ps_block/axi_smc/inst/clk_map/psr_aclk/U0/ACTIVE_LOW_BSR_OUT_DFF[0].FDRE_BSR_N/C
  -------------------------------------------------------------------    -------------------
    SLICE_X54Y33         FDRE (Prop_BFF_SLICEL_C_Q)
                                                      0.058     1.269 r  ps_block/axi_smc/inst/clk_map/psr_aclk/U0/ACTIVE_LOW_BSR_OUT_DFF[0].FDRE_BSR_N/Q
                         net (fo=27, routed)          0.291     1.560    ps_block/axi_smc/inst/s00_entry_pipeline/s00_mmu/inst/xpm_cdc_async_rst_inst/src_arst
    SLICE_X58Y26         FDCE                                         f  ps_block/axi_smc/inst/s00_entry_pipeline/s00_mmu/inst/xpm_cdc_async_rst_inst/arststages_ff_reg[2]/CLR  (IS_INVERTED)
  -------------------------------------------------------------------    -------------------

                         (clock clk_pl_0 rise edge)
                                                      0.000     0.000 r  
    PS9_X0Y0             PS9                          0.000     0.000 r  ps_block/versal_cips_0/U0/pspmc_0/U0/PS9_inst/PMCRCLKCLK[0]
                         net (fo=1, routed)           0.000     0.000    ps_block/versal_cips_0/U0/pspmc_0/U0/pmc_pl_ref_clk[0]
    BUFG_PS_X0Y6         BUFG_PS (Prop_BUFG_PS_I_O)
                                                      0.096     0.096 r  ps_block/versal_cips_0/U0/pspmc_0/U0/buffer_pl_clk_0.PL_CLK_0_BUFG/O
    X1Y1 (CLOCK_ROOT)    net (fo=1031, routed)        1.318     1.414    ps_block/axi_smc/inst/s00_entry_pipeline/s00_mmu/inst/xpm_cdc_async_rst_inst/dest_clk
    SLICE_X58Y26         FDCE                                         r  ps_block/axi_smc/inst/s00_entry_pipeline/s00_mmu/inst/xpm_cdc_async_rst_inst/arststages_ff_reg[2]/C

Slack:                    inf
  Source:                 ps_block/axi_smc/inst/clk_map/psr_aclk/U0/ACTIVE_LOW_BSR_OUT_DFF[0].FDRE_BSR_N/C
                            (rising edge-triggered cell FDRE clocked by clk_pl_0  {rise@0.000ns fall@5.000ns period=10.000ns})
  Destination:            ps_block/axi_smc/inst/s00_entry_pipeline/s00_transaction_regulator/inst/xpm_cdc_async_rst_inst/arststages_ff_reg[0]/CLR
                            (removal check against rising-edge clock clk_pl_0  {rise@0.000ns fall@5.000ns period=10.000ns})
  Path Group:             (none)
  Path Type:              Removal (Min at Fast Process Corner)
  Data Path Delay:        0.349ns  (logic 0.058ns (16.601%)  route 0.291ns (83.399%))
  Logic Levels:           0  
  Clock Path Skew:        0.204ns (DCD - SCD - CPR)
    Destination Clock Delay (DCD):    1.414ns
    Source Clock Delay      (SCD):    1.211ns
    Clock Pessimism Removal (CPR):    -0.000ns
  Clock Uncertainty:      0.110ns  (CJ)/2 + PE + PJ
    Clock Jitter             (CJ):    0.220ns
    Phase Error              (PE):    0.000ns
    Phase Jitter             (PJ):    0.000ns
  Clock Net Delay (Source):      1.159ns (routing 0.165ns, distribution 0.994ns)
  Clock Net Delay (Destination): 1.318ns (routing 0.187ns, distribution 1.131ns)
  Timing Exception:       False Path

    Location             Delay type                Incr(ns)  Path(ns)    Netlist Resource(s)
  -------------------------------------------------------------------    -------------------
                         (clock clk_pl_0 rise edge)
                                                      0.000     0.000 r  
    PS9_X0Y0             PS9                          0.000     0.000 r  ps_block/versal_cips_0/U0/pspmc_0/U0/PS9_inst/PMCRCLKCLK[0]
                         net (fo=1, routed)           0.000     0.000    ps_block/versal_cips_0/U0/pspmc_0/U0/pmc_pl_ref_clk[0]
    BUFG_PS_X0Y6         BUFG_PS (Prop_BUFG_PS_I_O)
                                                      0.052     0.052 r  ps_block/versal_cips_0/U0/pspmc_0/U0/buffer_pl_clk_0.PL_CLK_0_BUFG/O
    X1Y1 (CLOCK_ROOT)    net (fo=1031, routed)        1.159     1.211    ps_block/axi_smc/inst/clk_map/psr_aclk/U0/aclk
    SLICE_X54Y33         FDRE                                         r  ps_block/axi_smc/inst/clk_map/psr_aclk/U0/ACTIVE_LOW_BSR_OUT_DFF[0].FDRE_BSR_N/C
  -------------------------------------------------------------------    -------------------
    SLICE_X54Y33         FDRE (Prop_BFF_SLICEL_C_Q)
                                                      0.058     1.269 r  ps_block/axi_smc/inst/clk_map/psr_aclk/U0/ACTIVE_LOW_BSR_OUT_DFF[0].FDRE_BSR_N/Q
                         net (fo=27, routed)          0.291     1.560    ps_block/axi_smc/inst/s00_entry_pipeline/s00_transaction_regulator/inst/xpm_cdc_async_rst_inst/src_arst
    SLICE_X58Y26         FDCE                                         f  ps_block/axi_smc/inst/s00_entry_pipeline/s00_transaction_regulator/inst/xpm_cdc_async_rst_inst/arststages_ff_reg[0]/CLR  (IS_INVERTED)
  -------------------------------------------------------------------    -------------------

                         (clock clk_pl_0 rise edge)
                                                      0.000     0.000 r  
    PS9_X0Y0             PS9                          0.000     0.000 r  ps_block/versal_cips_0/U0/pspmc_0/U0/PS9_inst/PMCRCLKCLK[0]
                         net (fo=1, routed)           0.000     0.000    ps_block/versal_cips_0/U0/pspmc_0/U0/pmc_pl_ref_clk[0]
    BUFG_PS_X0Y6         BUFG_PS (Prop_BUFG_PS_I_O)
                                                      0.096     0.096 r  ps_block/versal_cips_0/U0/pspmc_0/U0/buffer_pl_clk_0.PL_CLK_0_BUFG/O
    X1Y1 (CLOCK_ROOT)    net (fo=1031, routed)        1.318     1.414    ps_block/axi_smc/inst/s00_entry_pipeline/s00_transaction_regulator/inst/xpm_cdc_async_rst_inst/dest_clk
    SLICE_X58Y26         FDCE                                         r  ps_block/axi_smc/inst/s00_entry_pipeline/s00_transaction_regulator/inst/xpm_cdc_async_rst_inst/arststages_ff_reg[0]/C

Slack:                    inf
  Source:                 ps_block/axi_smc/inst/clk_map/psr_aclk/U0/ACTIVE_LOW_BSR_OUT_DFF[0].FDRE_BSR_N/C
                            (rising edge-triggered cell FDRE clocked by clk_pl_0  {rise@0.000ns fall@5.000ns period=10.000ns})
  Destination:            ps_block/axi_smc/inst/s00_entry_pipeline/s00_transaction_regulator/inst/xpm_cdc_async_rst_inst/arststages_ff_reg[1]/CLR
                            (removal check against rising-edge clock clk_pl_0  {rise@0.000ns fall@5.000ns period=10.000ns})
  Path Group:             (none)
  Path Type:              Removal (Min at Fast Process Corner)
  Data Path Delay:        0.349ns  (logic 0.058ns (16.601%)  route 0.291ns (83.399%))
  Logic Levels:           0  
  Clock Path Skew:        0.204ns (DCD - SCD - CPR)
    Destination Clock Delay (DCD):    1.414ns
    Source Clock Delay      (SCD):    1.211ns
    Clock Pessimism Removal (CPR):    -0.000ns
  Clock Uncertainty:      0.110ns  (CJ)/2 + PE + PJ
    Clock Jitter             (CJ):    0.220ns
    Phase Error              (PE):    0.000ns
    Phase Jitter             (PJ):    0.000ns
  Clock Net Delay (Source):      1.159ns (routing 0.165ns, distribution 0.994ns)
  Clock Net Delay (Destination): 1.318ns (routing 0.187ns, distribution 1.131ns)
  Timing Exception:       False Path

    Location             Delay type                Incr(ns)  Path(ns)    Netlist Resource(s)
  -------------------------------------------------------------------    -------------------
                         (clock clk_pl_0 rise edge)
                                                      0.000     0.000 r  
    PS9_X0Y0             PS9                          0.000     0.000 r  ps_block/versal_cips_0/U0/pspmc_0/U0/PS9_inst/PMCRCLKCLK[0]
                         net (fo=1, routed)           0.000     0.000    ps_block/versal_cips_0/U0/pspmc_0/U0/pmc_pl_ref_clk[0]
    BUFG_PS_X0Y6         BUFG_PS (Prop_BUFG_PS_I_O)
                                                      0.052     0.052 r  ps_block/versal_cips_0/U0/pspmc_0/U0/buffer_pl_clk_0.PL_CLK_0_BUFG/O
    X1Y1 (CLOCK_ROOT)    net (fo=1031, routed)        1.159     1.211    ps_block/axi_smc/inst/clk_map/psr_aclk/U0/aclk
    SLICE_X54Y33         FDRE                                         r  ps_block/axi_smc/inst/clk_map/psr_aclk/U0/ACTIVE_LOW_BSR_OUT_DFF[0].FDRE_BSR_N/C
  -------------------------------------------------------------------    -------------------
    SLICE_X54Y33         FDRE (Prop_BFF_SLICEL_C_Q)
                                                      0.058     1.269 r  ps_block/axi_smc/inst/clk_map/psr_aclk/U0/ACTIVE_LOW_BSR_OUT_DFF[0].FDRE_BSR_N/Q
                         net (fo=27, routed)          0.291     1.560    ps_block/axi_smc/inst/s00_entry_pipeline/s00_transaction_regulator/inst/xpm_cdc_async_rst_inst/src_arst
    SLICE_X58Y26         FDCE                                         f  ps_block/axi_smc/inst/s00_entry_pipeline/s00_transaction_regulator/inst/xpm_cdc_async_rst_inst/arststages_ff_reg[1]/CLR  (IS_INVERTED)
  -------------------------------------------------------------------    -------------------

                         (clock clk_pl_0 rise edge)
                                                      0.000     0.000 r  
    PS9_X0Y0             PS9                          0.000     0.000 r  ps_block/versal_cips_0/U0/pspmc_0/U0/PS9_inst/PMCRCLKCLK[0]
                         net (fo=1, routed)           0.000     0.000    ps_block/versal_cips_0/U0/pspmc_0/U0/pmc_pl_ref_clk[0]
    BUFG_PS_X0Y6         BUFG_PS (Prop_BUFG_PS_I_O)
                                                      0.096     0.096 r  ps_block/versal_cips_0/U0/pspmc_0/U0/buffer_pl_clk_0.PL_CLK_0_BUFG/O
    X1Y1 (CLOCK_ROOT)    net (fo=1031, routed)        1.318     1.414    ps_block/axi_smc/inst/s00_entry_pipeline/s00_transaction_regulator/inst/xpm_cdc_async_rst_inst/dest_clk
    SLICE_X58Y26         FDCE                                         r  ps_block/axi_smc/inst/s00_entry_pipeline/s00_transaction_regulator/inst/xpm_cdc_async_rst_inst/arststages_ff_reg[1]/C

Slack:                    inf
  Source:                 ps_block/axi_smc/inst/clk_map/psr_aclk/U0/ACTIVE_LOW_BSR_OUT_DFF[0].FDRE_BSR_N/C
                            (rising edge-triggered cell FDRE clocked by clk_pl_0  {rise@0.000ns fall@5.000ns period=10.000ns})
  Destination:            ps_block/axi_smc/inst/s00_entry_pipeline/s00_transaction_regulator/inst/xpm_cdc_async_rst_inst/arststages_ff_reg[2]/CLR
                            (removal check against rising-edge clock clk_pl_0  {rise@0.000ns fall@5.000ns period=10.000ns})
  Path Group:             (none)
  Path Type:              Removal (Min at Fast Process Corner)
  Data Path Delay:        0.349ns  (logic 0.058ns (16.601%)  route 0.291ns (83.399%))
  Logic Levels:           0  
  Clock Path Skew:        0.204ns (DCD - SCD - CPR)
    Destination Clock Delay (DCD):    1.414ns
    Source Clock Delay      (SCD):    1.211ns
    Clock Pessimism Removal (CPR):    -0.000ns
  Clock Uncertainty:      0.110ns  (CJ)/2 + PE + PJ
    Clock Jitter             (CJ):    0.220ns
    Phase Error              (PE):    0.000ns
    Phase Jitter             (PJ):    0.000ns
  Clock Net Delay (Source):      1.159ns (routing 0.165ns, distribution 0.994ns)
  Clock Net Delay (Destination): 1.318ns (routing 0.187ns, distribution 1.131ns)
  Timing Exception:       False Path

    Location             Delay type                Incr(ns)  Path(ns)    Netlist Resource(s)
  -------------------------------------------------------------------    -------------------
                         (clock clk_pl_0 rise edge)
                                                      0.000     0.000 r  
    PS9_X0Y0             PS9                          0.000     0.000 r  ps_block/versal_cips_0/U0/pspmc_0/U0/PS9_inst/PMCRCLKCLK[0]
                         net (fo=1, routed)           0.000     0.000    ps_block/versal_cips_0/U0/pspmc_0/U0/pmc_pl_ref_clk[0]
    BUFG_PS_X0Y6         BUFG_PS (Prop_BUFG_PS_I_O)
                                                      0.052     0.052 r  ps_block/versal_cips_0/U0/pspmc_0/U0/buffer_pl_clk_0.PL_CLK_0_BUFG/O
    X1Y1 (CLOCK_ROOT)    net (fo=1031, routed)        1.159     1.211    ps_block/axi_smc/inst/clk_map/psr_aclk/U0/aclk
    SLICE_X54Y33         FDRE                                         r  ps_block/axi_smc/inst/clk_map/psr_aclk/U0/ACTIVE_LOW_BSR_OUT_DFF[0].FDRE_BSR_N/C
  -------------------------------------------------------------------    -------------------
    SLICE_X54Y33         FDRE (Prop_BFF_SLICEL_C_Q)
                                                      0.058     1.269 r  ps_block/axi_smc/inst/clk_map/psr_aclk/U0/ACTIVE_LOW_BSR_OUT_DFF[0].FDRE_BSR_N/Q
                         net (fo=27, routed)          0.291     1.560    ps_block/axi_smc/inst/s00_entry_pipeline/s00_transaction_regulator/inst/xpm_cdc_async_rst_inst/src_arst
    SLICE_X58Y26         FDCE                                         f  ps_block/axi_smc/inst/s00_entry_pipeline/s00_transaction_regulator/inst/xpm_cdc_async_rst_inst/arststages_ff_reg[2]/CLR  (IS_INVERTED)
  -------------------------------------------------------------------    -------------------

                         (clock clk_pl_0 rise edge)
                                                      0.000     0.000 r  
    PS9_X0Y0             PS9                          0.000     0.000 r  ps_block/versal_cips_0/U0/pspmc_0/U0/PS9_inst/PMCRCLKCLK[0]
                         net (fo=1, routed)           0.000     0.000    ps_block/versal_cips_0/U0/pspmc_0/U0/pmc_pl_ref_clk[0]
    BUFG_PS_X0Y6         BUFG_PS (Prop_BUFG_PS_I_O)
                                                      0.096     0.096 r  ps_block/versal_cips_0/U0/pspmc_0/U0/buffer_pl_clk_0.PL_CLK_0_BUFG/O
    X1Y1 (CLOCK_ROOT)    net (fo=1031, routed)        1.318     1.414    ps_block/axi_smc/inst/s00_entry_pipeline/s00_transaction_regulator/inst/xpm_cdc_async_rst_inst/dest_clk
    SLICE_X58Y26         FDCE                                         r  ps_block/axi_smc/inst/s00_entry_pipeline/s00_transaction_regulator/inst/xpm_cdc_async_rst_inst/arststages_ff_reg[2]/C

Slack:                    inf
  Source:                 ps_block/axi_smc/inst/clk_map/psr_aclk/U0/ACTIVE_LOW_BSR_OUT_DFF[0].FDRE_BSR_N/C
                            (rising edge-triggered cell FDRE clocked by clk_pl_0  {rise@0.000ns fall@5.000ns period=10.000ns})
  Destination:            ps_block/axi_smc/inst/s00_nodes/s00_ar_node/inst/s_sc_xpm_cdc_async_rst_inst/arststages_ff_reg[0]/CLR
                            (removal check against rising-edge clock clk_pl_0  {rise@0.000ns fall@5.000ns period=10.000ns})
  Path Group:             (none)
  Path Type:              Removal (Min at Fast Process Corner)
  Data Path Delay:        0.349ns  (logic 0.058ns (16.601%)  route 0.291ns (83.399%))
  Logic Levels:           0  
  Clock Path Skew:        0.210ns (DCD - SCD - CPR)
    Destination Clock Delay (DCD):    1.421ns
    Source Clock Delay      (SCD):    1.211ns
    Clock Pessimism Removal (CPR):    -0.000ns
  Clock Uncertainty:      0.110ns  (CJ)/2 + PE + PJ
    Clock Jitter             (CJ):    0.220ns
    Phase Error              (PE):    0.000ns
    Phase Jitter             (PJ):    0.000ns
  Clock Net Delay (Source):      1.159ns (routing 0.165ns, distribution 0.994ns)
  Clock Net Delay (Destination): 1.325ns (routing 0.187ns, distribution 1.138ns)
  Timing Exception:       False Path

    Location             Delay type                Incr(ns)  Path(ns)    Netlist Resource(s)
  -------------------------------------------------------------------    -------------------
                         (clock clk_pl_0 rise edge)
                                                      0.000     0.000 r  
    PS9_X0Y0             PS9                          0.000     0.000 r  ps_block/versal_cips_0/U0/pspmc_0/U0/PS9_inst/PMCRCLKCLK[0]
                         net (fo=1, routed)           0.000     0.000    ps_block/versal_cips_0/U0/pspmc_0/U0/pmc_pl_ref_clk[0]
    BUFG_PS_X0Y6         BUFG_PS (Prop_BUFG_PS_I_O)
                                                      0.052     0.052 r  ps_block/versal_cips_0/U0/pspmc_0/U0/buffer_pl_clk_0.PL_CLK_0_BUFG/O
    X1Y1 (CLOCK_ROOT)    net (fo=1031, routed)        1.159     1.211    ps_block/axi_smc/inst/clk_map/psr_aclk/U0/aclk
    SLICE_X54Y33         FDRE                                         r  ps_block/axi_smc/inst/clk_map/psr_aclk/U0/ACTIVE_LOW_BSR_OUT_DFF[0].FDRE_BSR_N/C
  -------------------------------------------------------------------    -------------------
    SLICE_X54Y33         FDRE (Prop_BFF_SLICEL_C_Q)
                                                      0.058     1.269 r  ps_block/axi_smc/inst/clk_map/psr_aclk/U0/ACTIVE_LOW_BSR_OUT_DFF[0].FDRE_BSR_N/Q
                         net (fo=27, routed)          0.291     1.560    ps_block/axi_smc/inst/s00_nodes/s00_ar_node/inst/s_sc_xpm_cdc_async_rst_inst/src_arst
    SLICE_X58Y28         FDCE                                         f  ps_block/axi_smc/inst/s00_nodes/s00_ar_node/inst/s_sc_xpm_cdc_async_rst_inst/arststages_ff_reg[0]/CLR  (IS_INVERTED)
  -------------------------------------------------------------------    -------------------

                         (clock clk_pl_0 rise edge)
                                                      0.000     0.000 r  
    PS9_X0Y0             PS9                          0.000     0.000 r  ps_block/versal_cips_0/U0/pspmc_0/U0/PS9_inst/PMCRCLKCLK[0]
                         net (fo=1, routed)           0.000     0.000    ps_block/versal_cips_0/U0/pspmc_0/U0/pmc_pl_ref_clk[0]
    BUFG_PS_X0Y6         BUFG_PS (Prop_BUFG_PS_I_O)
                                                      0.096     0.096 r  ps_block/versal_cips_0/U0/pspmc_0/U0/buffer_pl_clk_0.PL_CLK_0_BUFG/O
    X1Y1 (CLOCK_ROOT)    net (fo=1031, routed)        1.325     1.421    ps_block/axi_smc/inst/s00_nodes/s00_ar_node/inst/s_sc_xpm_cdc_async_rst_inst/dest_clk
    SLICE_X58Y28         FDCE                                         r  ps_block/axi_smc/inst/s00_nodes/s00_ar_node/inst/s_sc_xpm_cdc_async_rst_inst/arststages_ff_reg[0]/C

Slack:                    inf
  Source:                 ps_block/axi_smc/inst/clk_map/psr_aclk/U0/ACTIVE_LOW_BSR_OUT_DFF[0].FDRE_BSR_N/C
                            (rising edge-triggered cell FDRE clocked by clk_pl_0  {rise@0.000ns fall@5.000ns period=10.000ns})
  Destination:            ps_block/axi_smc/inst/s00_nodes/s00_ar_node/inst/s_sc_xpm_cdc_async_rst_inst/arststages_ff_reg[1]/CLR
                            (removal check against rising-edge clock clk_pl_0  {rise@0.000ns fall@5.000ns period=10.000ns})
  Path Group:             (none)
  Path Type:              Removal (Min at Fast Process Corner)
  Data Path Delay:        0.349ns  (logic 0.058ns (16.601%)  route 0.291ns (83.399%))
  Logic Levels:           0  
  Clock Path Skew:        0.210ns (DCD - SCD - CPR)
    Destination Clock Delay (DCD):    1.421ns
    Source Clock Delay      (SCD):    1.211ns
    Clock Pessimism Removal (CPR):    -0.000ns
  Clock Uncertainty:      0.110ns  (CJ)/2 + PE + PJ
    Clock Jitter             (CJ):    0.220ns
    Phase Error              (PE):    0.000ns
    Phase Jitter             (PJ):    0.000ns
  Clock Net Delay (Source):      1.159ns (routing 0.165ns, distribution 0.994ns)
  Clock Net Delay (Destination): 1.325ns (routing 0.187ns, distribution 1.138ns)
  Timing Exception:       False Path

    Location             Delay type                Incr(ns)  Path(ns)    Netlist Resource(s)
  -------------------------------------------------------------------    -------------------
                         (clock clk_pl_0 rise edge)
                                                      0.000     0.000 r  
    PS9_X0Y0             PS9                          0.000     0.000 r  ps_block/versal_cips_0/U0/pspmc_0/U0/PS9_inst/PMCRCLKCLK[0]
                         net (fo=1, routed)           0.000     0.000    ps_block/versal_cips_0/U0/pspmc_0/U0/pmc_pl_ref_clk[0]
    BUFG_PS_X0Y6         BUFG_PS (Prop_BUFG_PS_I_O)
                                                      0.052     0.052 r  ps_block/versal_cips_0/U0/pspmc_0/U0/buffer_pl_clk_0.PL_CLK_0_BUFG/O
    X1Y1 (CLOCK_ROOT)    net (fo=1031, routed)        1.159     1.211    ps_block/axi_smc/inst/clk_map/psr_aclk/U0/aclk
    SLICE_X54Y33         FDRE                                         r  ps_block/axi_smc/inst/clk_map/psr_aclk/U0/ACTIVE_LOW_BSR_OUT_DFF[0].FDRE_BSR_N/C
  -------------------------------------------------------------------    -------------------
    SLICE_X54Y33         FDRE (Prop_BFF_SLICEL_C_Q)
                                                      0.058     1.269 r  ps_block/axi_smc/inst/clk_map/psr_aclk/U0/ACTIVE_LOW_BSR_OUT_DFF[0].FDRE_BSR_N/Q
                         net (fo=27, routed)          0.291     1.560    ps_block/axi_smc/inst/s00_nodes/s00_ar_node/inst/s_sc_xpm_cdc_async_rst_inst/src_arst
    SLICE_X58Y28         FDCE                                         f  ps_block/axi_smc/inst/s00_nodes/s00_ar_node/inst/s_sc_xpm_cdc_async_rst_inst/arststages_ff_reg[1]/CLR  (IS_INVERTED)
  -------------------------------------------------------------------    -------------------

                         (clock clk_pl_0 rise edge)
                                                      0.000     0.000 r  
    PS9_X0Y0             PS9                          0.000     0.000 r  ps_block/versal_cips_0/U0/pspmc_0/U0/PS9_inst/PMCRCLKCLK[0]
                         net (fo=1, routed)           0.000     0.000    ps_block/versal_cips_0/U0/pspmc_0/U0/pmc_pl_ref_clk[0]
    BUFG_PS_X0Y6         BUFG_PS (Prop_BUFG_PS_I_O)
                                                      0.096     0.096 r  ps_block/versal_cips_0/U0/pspmc_0/U0/buffer_pl_clk_0.PL_CLK_0_BUFG/O
    X1Y1 (CLOCK_ROOT)    net (fo=1031, routed)        1.325     1.421    ps_block/axi_smc/inst/s00_nodes/s00_ar_node/inst/s_sc_xpm_cdc_async_rst_inst/dest_clk
    SLICE_X58Y28         FDCE                                         r  ps_block/axi_smc/inst/s00_nodes/s00_ar_node/inst/s_sc_xpm_cdc_async_rst_inst/arststages_ff_reg[1]/C

Slack:                    inf
  Source:                 ps_block/axi_smc/inst/clk_map/psr_aclk/U0/ACTIVE_LOW_BSR_OUT_DFF[0].FDRE_BSR_N/C
                            (rising edge-triggered cell FDRE clocked by clk_pl_0  {rise@0.000ns fall@5.000ns period=10.000ns})
  Destination:            ps_block/axi_smc/inst/s00_nodes/s00_ar_node/inst/s_sc_xpm_cdc_async_rst_inst/arststages_ff_reg[2]/CLR
                            (removal check against rising-edge clock clk_pl_0  {rise@0.000ns fall@5.000ns period=10.000ns})
  Path Group:             (none)
  Path Type:              Removal (Min at Fast Process Corner)
  Data Path Delay:        0.349ns  (logic 0.058ns (16.601%)  route 0.291ns (83.399%))
  Logic Levels:           0  
  Clock Path Skew:        0.210ns (DCD - SCD - CPR)
    Destination Clock Delay (DCD):    1.421ns
    Source Clock Delay      (SCD):    1.211ns
    Clock Pessimism Removal (CPR):    -0.000ns
  Clock Uncertainty:      0.110ns  (CJ)/2 + PE + PJ
    Clock Jitter             (CJ):    0.220ns
    Phase Error              (PE):    0.000ns
    Phase Jitter             (PJ):    0.000ns
  Clock Net Delay (Source):      1.159ns (routing 0.165ns, distribution 0.994ns)
  Clock Net Delay (Destination): 1.325ns (routing 0.187ns, distribution 1.138ns)
  Timing Exception:       False Path

    Location             Delay type                Incr(ns)  Path(ns)    Netlist Resource(s)
  -------------------------------------------------------------------    -------------------
                         (clock clk_pl_0 rise edge)
                                                      0.000     0.000 r  
    PS9_X0Y0             PS9                          0.000     0.000 r  ps_block/versal_cips_0/U0/pspmc_0/U0/PS9_inst/PMCRCLKCLK[0]
                         net (fo=1, routed)           0.000     0.000    ps_block/versal_cips_0/U0/pspmc_0/U0/pmc_pl_ref_clk[0]
    BUFG_PS_X0Y6         BUFG_PS (Prop_BUFG_PS_I_O)
                                                      0.052     0.052 r  ps_block/versal_cips_0/U0/pspmc_0/U0/buffer_pl_clk_0.PL_CLK_0_BUFG/O
    X1Y1 (CLOCK_ROOT)    net (fo=1031, routed)        1.159     1.211    ps_block/axi_smc/inst/clk_map/psr_aclk/U0/aclk
    SLICE_X54Y33         FDRE                                         r  ps_block/axi_smc/inst/clk_map/psr_aclk/U0/ACTIVE_LOW_BSR_OUT_DFF[0].FDRE_BSR_N/C
  -------------------------------------------------------------------    -------------------
    SLICE_X54Y33         FDRE (Prop_BFF_SLICEL_C_Q)
                                                      0.058     1.269 r  ps_block/axi_smc/inst/clk_map/psr_aclk/U0/ACTIVE_LOW_BSR_OUT_DFF[0].FDRE_BSR_N/Q
                         net (fo=27, routed)          0.291     1.560    ps_block/axi_smc/inst/s00_nodes/s00_ar_node/inst/s_sc_xpm_cdc_async_rst_inst/src_arst
    SLICE_X58Y28         FDCE                                         f  ps_block/axi_smc/inst/s00_nodes/s00_ar_node/inst/s_sc_xpm_cdc_async_rst_inst/arststages_ff_reg[2]/CLR  (IS_INVERTED)
  -------------------------------------------------------------------    -------------------

                         (clock clk_pl_0 rise edge)
                                                      0.000     0.000 r  
    PS9_X0Y0             PS9                          0.000     0.000 r  ps_block/versal_cips_0/U0/pspmc_0/U0/PS9_inst/PMCRCLKCLK[0]
                         net (fo=1, routed)           0.000     0.000    ps_block/versal_cips_0/U0/pspmc_0/U0/pmc_pl_ref_clk[0]
    BUFG_PS_X0Y6         BUFG_PS (Prop_BUFG_PS_I_O)
                                                      0.096     0.096 r  ps_block/versal_cips_0/U0/pspmc_0/U0/buffer_pl_clk_0.PL_CLK_0_BUFG/O
    X1Y1 (CLOCK_ROOT)    net (fo=1031, routed)        1.325     1.421    ps_block/axi_smc/inst/s00_nodes/s00_ar_node/inst/s_sc_xpm_cdc_async_rst_inst/dest_clk
    SLICE_X58Y28         FDCE                                         r  ps_block/axi_smc/inst/s00_nodes/s00_ar_node/inst/s_sc_xpm_cdc_async_rst_inst/arststages_ff_reg[2]/C

Slack:                    inf
  Source:                 ps_block/axi_smc/inst/clk_map/psr_aclk/U0/ACTIVE_LOW_BSR_OUT_DFF[0].FDRE_BSR_N/C
                            (rising edge-triggered cell FDRE clocked by clk_pl_0  {rise@0.000ns fall@5.000ns period=10.000ns})
  Destination:            ps_block/axi_smc/inst/s00_nodes/s00_r_node/inst/s_sc_xpm_cdc_async_rst_inst/arststages_ff_reg[0]/CLR
                            (removal check against rising-edge clock clk_pl_0  {rise@0.000ns fall@5.000ns period=10.000ns})
  Path Group:             (none)
  Path Type:              Removal (Min at Fast Process Corner)
  Data Path Delay:        0.349ns  (logic 0.058ns (16.601%)  route 0.291ns (83.399%))
  Logic Levels:           0  
  Clock Path Skew:        0.210ns (DCD - SCD - CPR)
    Destination Clock Delay (DCD):    1.421ns
    Source Clock Delay      (SCD):    1.211ns
    Clock Pessimism Removal (CPR):    -0.000ns
  Clock Uncertainty:      0.110ns  (CJ)/2 + PE + PJ
    Clock Jitter             (CJ):    0.220ns
    Phase Error              (PE):    0.000ns
    Phase Jitter             (PJ):    0.000ns
  Clock Net Delay (Source):      1.159ns (routing 0.165ns, distribution 0.994ns)
  Clock Net Delay (Destination): 1.325ns (routing 0.187ns, distribution 1.138ns)
  Timing Exception:       False Path

    Location             Delay type                Incr(ns)  Path(ns)    Netlist Resource(s)
  -------------------------------------------------------------------    -------------------
                         (clock clk_pl_0 rise edge)
                                                      0.000     0.000 r  
    PS9_X0Y0             PS9                          0.000     0.000 r  ps_block/versal_cips_0/U0/pspmc_0/U0/PS9_inst/PMCRCLKCLK[0]
                         net (fo=1, routed)           0.000     0.000    ps_block/versal_cips_0/U0/pspmc_0/U0/pmc_pl_ref_clk[0]
    BUFG_PS_X0Y6         BUFG_PS (Prop_BUFG_PS_I_O)
                                                      0.052     0.052 r  ps_block/versal_cips_0/U0/pspmc_0/U0/buffer_pl_clk_0.PL_CLK_0_BUFG/O
    X1Y1 (CLOCK_ROOT)    net (fo=1031, routed)        1.159     1.211    ps_block/axi_smc/inst/clk_map/psr_aclk/U0/aclk
    SLICE_X54Y33         FDRE                                         r  ps_block/axi_smc/inst/clk_map/psr_aclk/U0/ACTIVE_LOW_BSR_OUT_DFF[0].FDRE_BSR_N/C
  -------------------------------------------------------------------    -------------------
    SLICE_X54Y33         FDRE (Prop_BFF_SLICEL_C_Q)
                                                      0.058     1.269 r  ps_block/axi_smc/inst/clk_map/psr_aclk/U0/ACTIVE_LOW_BSR_OUT_DFF[0].FDRE_BSR_N/Q
                         net (fo=27, routed)          0.291     1.560    ps_block/axi_smc/inst/s00_nodes/s00_r_node/inst/s_sc_xpm_cdc_async_rst_inst/src_arst
    SLICE_X58Y28         FDCE                                         f  ps_block/axi_smc/inst/s00_nodes/s00_r_node/inst/s_sc_xpm_cdc_async_rst_inst/arststages_ff_reg[0]/CLR  (IS_INVERTED)
  -------------------------------------------------------------------    -------------------

                         (clock clk_pl_0 rise edge)
                                                      0.000     0.000 r  
    PS9_X0Y0             PS9                          0.000     0.000 r  ps_block/versal_cips_0/U0/pspmc_0/U0/PS9_inst/PMCRCLKCLK[0]
                         net (fo=1, routed)           0.000     0.000    ps_block/versal_cips_0/U0/pspmc_0/U0/pmc_pl_ref_clk[0]
    BUFG_PS_X0Y6         BUFG_PS (Prop_BUFG_PS_I_O)
                                                      0.096     0.096 r  ps_block/versal_cips_0/U0/pspmc_0/U0/buffer_pl_clk_0.PL_CLK_0_BUFG/O
    X1Y1 (CLOCK_ROOT)    net (fo=1031, routed)        1.325     1.421    ps_block/axi_smc/inst/s00_nodes/s00_r_node/inst/s_sc_xpm_cdc_async_rst_inst/dest_clk
    SLICE_X58Y28         FDCE                                         r  ps_block/axi_smc/inst/s00_nodes/s00_r_node/inst/s_sc_xpm_cdc_async_rst_inst/arststages_ff_reg[0]/C





--------------------------------------------------------------------------------------
Path Group:  (none)
From Clock:  clk_pl_0
  To Clock:  

Max Delay             1 Endpoint
Min Delay             1 Endpoint
--------------------------------------------------------------------------------------


Max Delay Paths
--------------------------------------------------------------------------------------
Slack:                    inf
  Source:                 ps_block/MyLEDIP_0/U0/slv_reg0_reg[0]_lopt_replica/C
                            (rising edge-triggered cell FDRE clocked by clk_pl_0  {rise@0.000ns fall@5.000ns period=10.000ns})
  Destination:            led
                            (output port)
  Path Group:             (none)
  Path Type:              Max at Slow Process Corner
  Data Path Delay:        3.826ns  (logic 1.213ns (31.711%)  route 2.613ns (68.289%))
  Logic Levels:           1  (OBUF=1)
  Clock Uncertainty:      0.320ns  (CJ)/2 + PE + PJ
    Clock Jitter             (CJ):    0.639ns
    Phase Error              (PE):    0.000ns
    Phase Jitter             (PJ):    0.000ns
  Clock Net Delay (Source):      1.968ns (routing 0.261ns, distribution 1.707ns)

    Location             Delay type                Incr(ns)  Path(ns)    Netlist Resource(s)
  -------------------------------------------------------------------    -------------------
                         (clock clk_pl_0 rise edge)
                                                      0.000     0.000 r  
    PS9_X0Y0             PS9                          0.000     0.000 r  ps_block/versal_cips_0/U0/pspmc_0/U0/PS9_inst/PMCRCLKCLK[0]
                         net (fo=1, routed)           0.000     0.000    ps_block/versal_cips_0/U0/pspmc_0/U0/pmc_pl_ref_clk[0]
    BUFG_PS_X0Y6         BUFG_PS (Prop_BUFG_PS_I_O)
                                                      0.141     0.141 r  ps_block/versal_cips_0/U0/pspmc_0/U0/buffer_pl_clk_0.PL_CLK_0_BUFG/O
    X1Y1 (CLOCK_ROOT)    net (fo=1031, routed)        1.968     2.109    ps_block/MyLEDIP_0/U0/s00_axi_aclk
    SLICE_X56Y23         FDRE                                         r  ps_block/MyLEDIP_0/U0/slv_reg0_reg[0]_lopt_replica/C
  -------------------------------------------------------------------    -------------------
    SLICE_X56Y23         FDRE (Prop_HFF2_SLICEL_C_Q)
                                                      0.127     2.236 r  ps_block/MyLEDIP_0/U0/slv_reg0_reg[0]_lopt_replica/Q
                         net (fo=1, routed)           2.613     4.849    lopt
    IOB_X35Y1            OBUF (Prop_IOB_M_XPIOB_I_O)
                                                      1.086     5.936 r  led_OBUF_inst/O
                         net (fo=0)                   0.000     5.936    led
    IOB_X35Y1                                                         r  led (OUT)
  -------------------------------------------------------------------    -------------------





Min Delay Paths
--------------------------------------------------------------------------------------
Slack:                    inf
  Source:                 ps_block/MyLEDIP_0/U0/slv_reg0_reg[0]_lopt_replica/C
                            (rising edge-triggered cell FDRE clocked by clk_pl_0  {rise@0.000ns fall@5.000ns period=10.000ns})
  Destination:            led
                            (output port)
  Path Group:             (none)
  Path Type:              Min at Fast Process Corner
  Data Path Delay:        1.821ns  (logic 0.632ns (34.701%)  route 1.189ns (65.299%))
  Logic Levels:           1  (OBUF=1)
  Clock Uncertainty:      0.320ns  (CJ)/2 + PE + PJ
    Clock Jitter             (CJ):    0.639ns
    Phase Error              (PE):    0.000ns
    Phase Jitter             (PJ):    0.000ns
  Clock Net Delay (Source):      1.158ns (routing 0.165ns, distribution 0.993ns)

    Location             Delay type                Incr(ns)  Path(ns)    Netlist Resource(s)
  -------------------------------------------------------------------    -------------------
                         (clock clk_pl_0 rise edge)
                                                      0.000     0.000 r  
    PS9_X0Y0             PS9                          0.000     0.000 r  ps_block/versal_cips_0/U0/pspmc_0/U0/PS9_inst/PMCRCLKCLK[0]
                         net (fo=1, routed)           0.000     0.000    ps_block/versal_cips_0/U0/pspmc_0/U0/pmc_pl_ref_clk[0]
    BUFG_PS_X0Y6         BUFG_PS (Prop_BUFG_PS_I_O)
                                                      0.052     0.052 r  ps_block/versal_cips_0/U0/pspmc_0/U0/buffer_pl_clk_0.PL_CLK_0_BUFG/O
    X1Y1 (CLOCK_ROOT)    net (fo=1031, routed)        1.158     1.210    ps_block/MyLEDIP_0/U0/s00_axi_aclk
    SLICE_X56Y23         FDRE                                         r  ps_block/MyLEDIP_0/U0/slv_reg0_reg[0]_lopt_replica/C
  -------------------------------------------------------------------    -------------------
    SLICE_X56Y23         FDRE (Prop_HFF2_SLICEL_C_Q)
                                                      0.058     1.268 r  ps_block/MyLEDIP_0/U0/slv_reg0_reg[0]_lopt_replica/Q
                         net (fo=1, routed)           1.189     2.457    lopt
    IOB_X35Y1            OBUF (Prop_IOB_M_XPIOB_I_O)
                                                      0.574     3.031 r  led_OBUF_inst/O
                         net (fo=0)                   0.000     3.031    led
    IOB_X35Y1                                                         r  led (OUT)
  -------------------------------------------------------------------    -------------------





--------------------------------------------------------------------------------------
Path Group:  (none)
From Clock:  
  To Clock:  bank1_xpll0_fifo_rd_clk

Max Delay            21 Endpoints
Min Delay            21 Endpoints
--------------------------------------------------------------------------------------


Max Delay Paths
--------------------------------------------------------------------------------------
Slack:                    inf
  Source:                 ps_block/axi_noc_0/inst/MC0_ddrc/inst/noc_ddr4_phy/inst/u_ddrmc_main/DMC2PHY_FIFO_RDEN[0]
                            (internal pin)
  Destination:            ps_block/axi_noc_0/inst/MC0_ddrc/inst/noc_ddr4_phy/inst/BANK_WRAPPER_INST0/NIBBLE[0].UNISIM.I_XPHY/FIFO_RDEN
                            (rising edge-triggered cell XPHY clocked by bank1_xpll0_fifo_rd_clk  {rise@0.000ns fall@0.625ns period=1.250ns})
  Path Group:             (none)
  Path Type:              Setup (Max at Slow Process Corner)
  Data Path Delay:        0.000ns  (logic 0.000ns (0.000%)  route 0.000ns (0.000%))
  Logic Levels:           0  
  Clock Uncertainty:      0.686ns  (CJ)/2 + PE + PJ
    Clock Jitter             (CJ):    0.852ns
    Phase Error              (PE):    0.120ns
    Phase Jitter             (PJ):    0.140ns

    Location             Delay type                Incr(ns)  Path(ns)    Netlist Resource(s)
  -------------------------------------------------------------------    -------------------
    DDRMC_X0Y0           DDRMC                        0.000     0.000 r  ps_block/axi_noc_0/inst/MC0_ddrc/inst/noc_ddr4_phy/inst/u_ddrmc_main/DMC2PHY_FIFO_RDEN[0]
                         net (fo=1, routed)           0.000     0.000    ps_block/axi_noc_0/inst/MC0_ddrc/inst/noc_ddr4_phy/inst/BANK_WRAPPER_INST0/FIFO_RDEN[0]
    XPHY_X0Y0            XPHY                                         r  ps_block/axi_noc_0/inst/MC0_ddrc/inst/noc_ddr4_phy/inst/BANK_WRAPPER_INST0/NIBBLE[0].UNISIM.I_XPHY/FIFO_RDEN
  -------------------------------------------------------------------    -------------------

                         (clock bank1_xpll0_fifo_rd_clk rise edge)
                                                      0.000     0.000 r  
    IOB_X14Y0                                         0.000     0.000 r  sys_clk_p (IN)
                         net (fo=0)                   0.000     0.000    ps_block/axi_noc_0/inst/MC0_ddrc/inst/noc_ddr4_phy/inst/sys_clk_p
    IOB_X14Y0            IBUFDS (Prop_DIFFRXTX_XPIOB_I_O)
                                                      0.303     0.303 r  ps_block/axi_noc_0/inst/MC0_ddrc/inst/noc_ddr4_phy/inst/u_SYS_CLK_O/O
                         net (fo=1, routed)           0.237     0.540    ps_block/axi_noc_0/inst/MC0_ddrc/inst/noc_ddr4_phy/inst/sys_clk_O
    XPLL_X2Y0            XPLL (Prop_XPLL_CLKIN_CLKOUT2)
                                                      0.431     0.971 r  ps_block/axi_noc_0/inst/MC0_ddrc/inst/noc_ddr4_phy/inst/u_xpll0_bank1/CLKOUT2
                         net (fo=21, routed)          0.123     1.094    ps_block/axi_noc_0/inst/MC0_ddrc/inst/noc_ddr4_phy/inst/BANK_WRAPPER_INST0/bank1_xpll0_fifo_rd_clk
    XPHY_X0Y0            XPHY                                         r  ps_block/axi_noc_0/inst/MC0_ddrc/inst/noc_ddr4_phy/inst/BANK_WRAPPER_INST0/NIBBLE[0].UNISIM.I_XPHY/FIFO_RD_CLK

Slack:                    inf
  Source:                 ps_block/axi_noc_0/inst/MC0_ddrc/inst/noc_ddr4_phy/inst/u_ddrmc_main/DMC2PHY_FIFO_RDEN[1]
                            (internal pin)
  Destination:            ps_block/axi_noc_0/inst/MC0_ddrc/inst/noc_ddr4_phy/inst/BANK_WRAPPER_INST0/NIBBLE[1].UNISIM.I_XPHY/FIFO_RDEN
                            (rising edge-triggered cell XPHY clocked by bank1_xpll0_fifo_rd_clk  {rise@0.000ns fall@0.625ns period=1.250ns})
  Path Group:             (none)
  Path Type:              Setup (Max at Slow Process Corner)
  Data Path Delay:        0.000ns  (logic 0.000ns (0.000%)  route 0.000ns (0.000%))
  Logic Levels:           0  
  Clock Uncertainty:      0.686ns  (CJ)/2 + PE + PJ
    Clock Jitter             (CJ):    0.852ns
    Phase Error              (PE):    0.120ns
    Phase Jitter             (PJ):    0.140ns

    Location             Delay type                Incr(ns)  Path(ns)    Netlist Resource(s)
  -------------------------------------------------------------------    -------------------
    DDRMC_X0Y0           DDRMC                        0.000     0.000 r  ps_block/axi_noc_0/inst/MC0_ddrc/inst/noc_ddr4_phy/inst/u_ddrmc_main/DMC2PHY_FIFO_RDEN[1]
                         net (fo=1, routed)           0.000     0.000    ps_block/axi_noc_0/inst/MC0_ddrc/inst/noc_ddr4_phy/inst/BANK_WRAPPER_INST0/FIFO_RDEN[1]
    XPHY_X1Y0            XPHY                                         r  ps_block/axi_noc_0/inst/MC0_ddrc/inst/noc_ddr4_phy/inst/BANK_WRAPPER_INST0/NIBBLE[1].UNISIM.I_XPHY/FIFO_RDEN
  -------------------------------------------------------------------    -------------------

                         (clock bank1_xpll0_fifo_rd_clk rise edge)
                                                      0.000     0.000 r  
    IOB_X14Y0                                         0.000     0.000 r  sys_clk_p (IN)
                         net (fo=0)                   0.000     0.000    ps_block/axi_noc_0/inst/MC0_ddrc/inst/noc_ddr4_phy/inst/sys_clk_p
    IOB_X14Y0            IBUFDS (Prop_DIFFRXTX_XPIOB_I_O)
                                                      0.303     0.303 r  ps_block/axi_noc_0/inst/MC0_ddrc/inst/noc_ddr4_phy/inst/u_SYS_CLK_O/O
                         net (fo=1, routed)           0.237     0.540    ps_block/axi_noc_0/inst/MC0_ddrc/inst/noc_ddr4_phy/inst/sys_clk_O
    XPLL_X2Y0            XPLL (Prop_XPLL_CLKIN_CLKOUT2)
                                                      0.431     0.971 r  ps_block/axi_noc_0/inst/MC0_ddrc/inst/noc_ddr4_phy/inst/u_xpll0_bank1/CLKOUT2
                         net (fo=21, routed)          0.123     1.094    ps_block/axi_noc_0/inst/MC0_ddrc/inst/noc_ddr4_phy/inst/BANK_WRAPPER_INST0/bank1_xpll0_fifo_rd_clk
    XPHY_X1Y0            XPHY                                         r  ps_block/axi_noc_0/inst/MC0_ddrc/inst/noc_ddr4_phy/inst/BANK_WRAPPER_INST0/NIBBLE[1].UNISIM.I_XPHY/FIFO_RD_CLK

Slack:                    inf
  Source:                 ps_block/axi_noc_0/inst/MC0_ddrc/inst/noc_ddr4_phy/inst/u_ddrmc_main/DMC2PHY_FIFO_RDEN[2]
                            (internal pin)
  Destination:            ps_block/axi_noc_0/inst/MC0_ddrc/inst/noc_ddr4_phy/inst/BANK_WRAPPER_INST0/NIBBLE[2].UNISIM.I_XPHY/FIFO_RDEN
                            (rising edge-triggered cell XPHY clocked by bank1_xpll0_fifo_rd_clk  {rise@0.000ns fall@0.625ns period=1.250ns})
  Path Group:             (none)
  Path Type:              Setup (Max at Slow Process Corner)
  Data Path Delay:        0.000ns  (logic 0.000ns (0.000%)  route 0.000ns (0.000%))
  Logic Levels:           0  
  Clock Uncertainty:      0.686ns  (CJ)/2 + PE + PJ
    Clock Jitter             (CJ):    0.852ns
    Phase Error              (PE):    0.120ns
    Phase Jitter             (PJ):    0.140ns

    Location             Delay type                Incr(ns)  Path(ns)    Netlist Resource(s)
  -------------------------------------------------------------------    -------------------
    DDRMC_X0Y0           DDRMC                        0.000     0.000 r  ps_block/axi_noc_0/inst/MC0_ddrc/inst/noc_ddr4_phy/inst/u_ddrmc_main/DMC2PHY_FIFO_RDEN[2]
                         net (fo=1, routed)           0.000     0.000    ps_block/axi_noc_0/inst/MC0_ddrc/inst/noc_ddr4_phy/inst/BANK_WRAPPER_INST0/FIFO_RDEN[2]
    XPHY_X2Y0            XPHY                                         r  ps_block/axi_noc_0/inst/MC0_ddrc/inst/noc_ddr4_phy/inst/BANK_WRAPPER_INST0/NIBBLE[2].UNISIM.I_XPHY/FIFO_RDEN
  -------------------------------------------------------------------    -------------------

                         (clock bank1_xpll0_fifo_rd_clk rise edge)
                                                      0.000     0.000 r  
    IOB_X14Y0                                         0.000     0.000 r  sys_clk_p (IN)
                         net (fo=0)                   0.000     0.000    ps_block/axi_noc_0/inst/MC0_ddrc/inst/noc_ddr4_phy/inst/sys_clk_p
    IOB_X14Y0            IBUFDS (Prop_DIFFRXTX_XPIOB_I_O)
                                                      0.303     0.303 r  ps_block/axi_noc_0/inst/MC0_ddrc/inst/noc_ddr4_phy/inst/u_SYS_CLK_O/O
                         net (fo=1, routed)           0.237     0.540    ps_block/axi_noc_0/inst/MC0_ddrc/inst/noc_ddr4_phy/inst/sys_clk_O
    XPLL_X2Y0            XPLL (Prop_XPLL_CLKIN_CLKOUT2)
                                                      0.431     0.971 r  ps_block/axi_noc_0/inst/MC0_ddrc/inst/noc_ddr4_phy/inst/u_xpll0_bank1/CLKOUT2
                         net (fo=21, routed)          0.122     1.093    ps_block/axi_noc_0/inst/MC0_ddrc/inst/noc_ddr4_phy/inst/BANK_WRAPPER_INST0/bank1_xpll0_fifo_rd_clk
    XPHY_X2Y0            XPHY                                         r  ps_block/axi_noc_0/inst/MC0_ddrc/inst/noc_ddr4_phy/inst/BANK_WRAPPER_INST0/NIBBLE[2].UNISIM.I_XPHY/FIFO_RD_CLK

Slack:                    inf
  Source:                 ps_block/axi_noc_0/inst/MC0_ddrc/inst/noc_ddr4_phy/inst/u_ddrmc_main/DMC2PHY_FIFO_RDEN[3]
                            (internal pin)
  Destination:            ps_block/axi_noc_0/inst/MC0_ddrc/inst/noc_ddr4_phy/inst/BANK_WRAPPER_INST0/NIBBLE[3].UNISIM.I_XPHY/FIFO_RDEN
                            (rising edge-triggered cell XPHY clocked by bank1_xpll0_fifo_rd_clk  {rise@0.000ns fall@0.625ns period=1.250ns})
  Path Group:             (none)
  Path Type:              Setup (Max at Slow Process Corner)
  Data Path Delay:        0.000ns  (logic 0.000ns (0.000%)  route 0.000ns (0.000%))
  Logic Levels:           0  
  Clock Uncertainty:      0.686ns  (CJ)/2 + PE + PJ
    Clock Jitter             (CJ):    0.852ns
    Phase Error              (PE):    0.120ns
    Phase Jitter             (PJ):    0.140ns

    Location             Delay type                Incr(ns)  Path(ns)    Netlist Resource(s)
  -------------------------------------------------------------------    -------------------
    DDRMC_X0Y0           DDRMC                        0.000     0.000 r  ps_block/axi_noc_0/inst/MC0_ddrc/inst/noc_ddr4_phy/inst/u_ddrmc_main/DMC2PHY_FIFO_RDEN[3]
                         net (fo=1, routed)           0.000     0.000    ps_block/axi_noc_0/inst/MC0_ddrc/inst/noc_ddr4_phy/inst/BANK_WRAPPER_INST0/FIFO_RDEN[3]
    XPHY_X3Y0            XPHY                                         r  ps_block/axi_noc_0/inst/MC0_ddrc/inst/noc_ddr4_phy/inst/BANK_WRAPPER_INST0/NIBBLE[3].UNISIM.I_XPHY/FIFO_RDEN
  -------------------------------------------------------------------    -------------------

                         (clock bank1_xpll0_fifo_rd_clk rise edge)
                                                      0.000     0.000 r  
    IOB_X14Y0                                         0.000     0.000 r  sys_clk_p (IN)
                         net (fo=0)                   0.000     0.000    ps_block/axi_noc_0/inst/MC0_ddrc/inst/noc_ddr4_phy/inst/sys_clk_p
    IOB_X14Y0            IBUFDS (Prop_DIFFRXTX_XPIOB_I_O)
                                                      0.303     0.303 r  ps_block/axi_noc_0/inst/MC0_ddrc/inst/noc_ddr4_phy/inst/u_SYS_CLK_O/O
                         net (fo=1, routed)           0.237     0.540    ps_block/axi_noc_0/inst/MC0_ddrc/inst/noc_ddr4_phy/inst/sys_clk_O
    XPLL_X2Y0            XPLL (Prop_XPLL_CLKIN_CLKOUT2)
                                                      0.431     0.971 r  ps_block/axi_noc_0/inst/MC0_ddrc/inst/noc_ddr4_phy/inst/u_xpll0_bank1/CLKOUT2
                         net (fo=21, routed)          0.122     1.093    ps_block/axi_noc_0/inst/MC0_ddrc/inst/noc_ddr4_phy/inst/BANK_WRAPPER_INST0/bank1_xpll0_fifo_rd_clk
    XPHY_X3Y0            XPHY                                         r  ps_block/axi_noc_0/inst/MC0_ddrc/inst/noc_ddr4_phy/inst/BANK_WRAPPER_INST0/NIBBLE[3].UNISIM.I_XPHY/FIFO_RD_CLK

Slack:                    inf
  Source:                 ps_block/axi_noc_0/inst/MC0_ddrc/inst/noc_ddr4_phy/inst/u_ddrmc_main/DMC2PHY_FIFO_RDEN[4]
                            (internal pin)
  Destination:            ps_block/axi_noc_0/inst/MC0_ddrc/inst/noc_ddr4_phy/inst/BANK_WRAPPER_INST0/NIBBLE[4].UNISIM.I_XPHY/FIFO_RDEN
                            (rising edge-triggered cell XPHY clocked by bank1_xpll0_fifo_rd_clk  {rise@0.000ns fall@0.625ns period=1.250ns})
  Path Group:             (none)
  Path Type:              Setup (Max at Slow Process Corner)
  Data Path Delay:        0.000ns  (logic 0.000ns (0.000%)  route 0.000ns (0.000%))
  Logic Levels:           0  
  Clock Uncertainty:      0.686ns  (CJ)/2 + PE + PJ
    Clock Jitter             (CJ):    0.852ns
    Phase Error              (PE):    0.120ns
    Phase Jitter             (PJ):    0.140ns

    Location             Delay type                Incr(ns)  Path(ns)    Netlist Resource(s)
  -------------------------------------------------------------------    -------------------
    DDRMC_X0Y0           DDRMC                        0.000     0.000 r  ps_block/axi_noc_0/inst/MC0_ddrc/inst/noc_ddr4_phy/inst/u_ddrmc_main/DMC2PHY_FIFO_RDEN[4]
                         net (fo=1, routed)           0.000     0.000    ps_block/axi_noc_0/inst/MC0_ddrc/inst/noc_ddr4_phy/inst/BANK_WRAPPER_INST0/FIFO_RDEN[4]
    XPHY_X5Y0            XPHY                                         r  ps_block/axi_noc_0/inst/MC0_ddrc/inst/noc_ddr4_phy/inst/BANK_WRAPPER_INST0/NIBBLE[4].UNISIM.I_XPHY/FIFO_RDEN
  -------------------------------------------------------------------    -------------------

                         (clock bank1_xpll0_fifo_rd_clk rise edge)
                                                      0.000     0.000 r  
    IOB_X14Y0                                         0.000     0.000 r  sys_clk_p (IN)
                         net (fo=0)                   0.000     0.000    ps_block/axi_noc_0/inst/MC0_ddrc/inst/noc_ddr4_phy/inst/sys_clk_p
    IOB_X14Y0            IBUFDS (Prop_DIFFRXTX_XPIOB_I_O)
                                                      0.303     0.303 r  ps_block/axi_noc_0/inst/MC0_ddrc/inst/noc_ddr4_phy/inst/u_SYS_CLK_O/O
                         net (fo=1, routed)           0.237     0.540    ps_block/axi_noc_0/inst/MC0_ddrc/inst/noc_ddr4_phy/inst/sys_clk_O
    XPLL_X2Y0            XPLL (Prop_XPLL_CLKIN_CLKOUT2)
                                                      0.431     0.971 r  ps_block/axi_noc_0/inst/MC0_ddrc/inst/noc_ddr4_phy/inst/u_xpll0_bank1/CLKOUT2
                         net (fo=21, routed)          0.124     1.095    ps_block/axi_noc_0/inst/MC0_ddrc/inst/noc_ddr4_phy/inst/BANK_WRAPPER_INST0/bank1_xpll0_fifo_rd_clk
    XPHY_X5Y0            XPHY                                         r  ps_block/axi_noc_0/inst/MC0_ddrc/inst/noc_ddr4_phy/inst/BANK_WRAPPER_INST0/NIBBLE[4].UNISIM.I_XPHY/FIFO_RD_CLK

Slack:                    inf
  Source:                 ps_block/axi_noc_0/inst/MC0_ddrc/inst/noc_ddr4_phy/inst/u_ddrmc_main/DMC2PHY_FIFO_RDEN[5]
                            (internal pin)
  Destination:            ps_block/axi_noc_0/inst/MC0_ddrc/inst/noc_ddr4_phy/inst/BANK_WRAPPER_INST0/NIBBLE[5].UNISIM.I_XPHY/FIFO_RDEN
                            (rising edge-triggered cell XPHY clocked by bank1_xpll0_fifo_rd_clk  {rise@0.000ns fall@0.625ns period=1.250ns})
  Path Group:             (none)
  Path Type:              Setup (Max at Slow Process Corner)
  Data Path Delay:        0.000ns  (logic 0.000ns (0.000%)  route 0.000ns (0.000%))
  Logic Levels:           0  
  Clock Uncertainty:      0.686ns  (CJ)/2 + PE + PJ
    Clock Jitter             (CJ):    0.852ns
    Phase Error              (PE):    0.120ns
    Phase Jitter             (PJ):    0.140ns

    Location             Delay type                Incr(ns)  Path(ns)    Netlist Resource(s)
  -------------------------------------------------------------------    -------------------
    DDRMC_X0Y0           DDRMC                        0.000     0.000 r  ps_block/axi_noc_0/inst/MC0_ddrc/inst/noc_ddr4_phy/inst/u_ddrmc_main/DMC2PHY_FIFO_RDEN[5]
                         net (fo=1, routed)           0.000     0.000    ps_block/axi_noc_0/inst/MC0_ddrc/inst/noc_ddr4_phy/inst/BANK_WRAPPER_INST0/FIFO_RDEN[5]
    XPHY_X6Y0            XPHY                                         r  ps_block/axi_noc_0/inst/MC0_ddrc/inst/noc_ddr4_phy/inst/BANK_WRAPPER_INST0/NIBBLE[5].UNISIM.I_XPHY/FIFO_RDEN
  -------------------------------------------------------------------    -------------------

                         (clock bank1_xpll0_fifo_rd_clk rise edge)
                                                      0.000     0.000 r  
    IOB_X14Y0                                         0.000     0.000 r  sys_clk_p (IN)
                         net (fo=0)                   0.000     0.000    ps_block/axi_noc_0/inst/MC0_ddrc/inst/noc_ddr4_phy/inst/sys_clk_p
    IOB_X14Y0            IBUFDS (Prop_DIFFRXTX_XPIOB_I_O)
                                                      0.303     0.303 r  ps_block/axi_noc_0/inst/MC0_ddrc/inst/noc_ddr4_phy/inst/u_SYS_CLK_O/O
                         net (fo=1, routed)           0.237     0.540    ps_block/axi_noc_0/inst/MC0_ddrc/inst/noc_ddr4_phy/inst/sys_clk_O
    XPLL_X2Y0            XPLL (Prop_XPLL_CLKIN_CLKOUT2)
                                                      0.431     0.971 r  ps_block/axi_noc_0/inst/MC0_ddrc/inst/noc_ddr4_phy/inst/u_xpll0_bank1/CLKOUT2
                         net (fo=21, routed)          0.124     1.095    ps_block/axi_noc_0/inst/MC0_ddrc/inst/noc_ddr4_phy/inst/BANK_WRAPPER_INST0/bank1_xpll0_fifo_rd_clk
    XPHY_X6Y0            XPHY                                         r  ps_block/axi_noc_0/inst/MC0_ddrc/inst/noc_ddr4_phy/inst/BANK_WRAPPER_INST0/NIBBLE[5].UNISIM.I_XPHY/FIFO_RD_CLK

Slack:                    inf
  Source:                 ps_block/axi_noc_0/inst/MC0_ddrc/inst/noc_ddr4_phy/inst/u_ddrmc_main/DMC2PHY_FIFO_RDEN[6]
                            (internal pin)
  Destination:            ps_block/axi_noc_0/inst/MC0_ddrc/inst/noc_ddr4_phy/inst/BANK_WRAPPER_INST0/NIBBLE[6].UNISIM.I_XPHY/FIFO_RDEN
                            (rising edge-triggered cell XPHY clocked by bank1_xpll0_fifo_rd_clk  {rise@0.000ns fall@0.625ns period=1.250ns})
  Path Group:             (none)
  Path Type:              Setup (Max at Slow Process Corner)
  Data Path Delay:        0.000ns  (logic 0.000ns (0.000%)  route 0.000ns (0.000%))
  Logic Levels:           0  
  Clock Uncertainty:      0.686ns  (CJ)/2 + PE + PJ
    Clock Jitter             (CJ):    0.852ns
    Phase Error              (PE):    0.120ns
    Phase Jitter             (PJ):    0.140ns

    Location             Delay type                Incr(ns)  Path(ns)    Netlist Resource(s)
  -------------------------------------------------------------------    -------------------
    DDRMC_X0Y0           DDRMC                        0.000     0.000 r  ps_block/axi_noc_0/inst/MC0_ddrc/inst/noc_ddr4_phy/inst/u_ddrmc_main/DMC2PHY_FIFO_RDEN[6]
                         net (fo=1, routed)           0.000     0.000    ps_block/axi_noc_0/inst/MC0_ddrc/inst/noc_ddr4_phy/inst/BANK_WRAPPER_INST0/FIFO_RDEN[6]
    XPHY_X7Y0            XPHY                                         r  ps_block/axi_noc_0/inst/MC0_ddrc/inst/noc_ddr4_phy/inst/BANK_WRAPPER_INST0/NIBBLE[6].UNISIM.I_XPHY/FIFO_RDEN
  -------------------------------------------------------------------    -------------------

                         (clock bank1_xpll0_fifo_rd_clk rise edge)
                                                      0.000     0.000 r  
    IOB_X14Y0                                         0.000     0.000 r  sys_clk_p (IN)
                         net (fo=0)                   0.000     0.000    ps_block/axi_noc_0/inst/MC0_ddrc/inst/noc_ddr4_phy/inst/sys_clk_p
    IOB_X14Y0            IBUFDS (Prop_DIFFRXTX_XPIOB_I_O)
                                                      0.303     0.303 r  ps_block/axi_noc_0/inst/MC0_ddrc/inst/noc_ddr4_phy/inst/u_SYS_CLK_O/O
                         net (fo=1, routed)           0.237     0.540    ps_block/axi_noc_0/inst/MC0_ddrc/inst/noc_ddr4_phy/inst/sys_clk_O
    XPLL_X2Y0            XPLL (Prop_XPLL_CLKIN_CLKOUT2)
                                                      0.431     0.971 r  ps_block/axi_noc_0/inst/MC0_ddrc/inst/noc_ddr4_phy/inst/u_xpll0_bank1/CLKOUT2
                         net (fo=21, routed)          0.125     1.096    ps_block/axi_noc_0/inst/MC0_ddrc/inst/noc_ddr4_phy/inst/BANK_WRAPPER_INST0/bank1_xpll0_fifo_rd_clk
    XPHY_X7Y0            XPHY                                         r  ps_block/axi_noc_0/inst/MC0_ddrc/inst/noc_ddr4_phy/inst/BANK_WRAPPER_INST0/NIBBLE[6].UNISIM.I_XPHY/FIFO_RD_CLK

Slack:                    inf
  Source:                 ps_block/axi_noc_0/inst/MC0_ddrc/inst/noc_ddr4_phy/inst/u_ddrmc_main/DMC2PHY_FIFO_RDEN[7]
                            (internal pin)
  Destination:            ps_block/axi_noc_0/inst/MC0_ddrc/inst/noc_ddr4_phy/inst/BANK_WRAPPER_INST0/NIBBLE[7].UNISIM.I_XPHY/FIFO_RDEN
                            (rising edge-triggered cell XPHY clocked by bank1_xpll0_fifo_rd_clk  {rise@0.000ns fall@0.625ns period=1.250ns})
  Path Group:             (none)
  Path Type:              Setup (Max at Slow Process Corner)
  Data Path Delay:        0.000ns  (logic 0.000ns (0.000%)  route 0.000ns (0.000%))
  Logic Levels:           0  
  Clock Uncertainty:      0.686ns  (CJ)/2 + PE + PJ
    Clock Jitter             (CJ):    0.852ns
    Phase Error              (PE):    0.120ns
    Phase Jitter             (PJ):    0.140ns

    Location             Delay type                Incr(ns)  Path(ns)    Netlist Resource(s)
  -------------------------------------------------------------------    -------------------
    DDRMC_X0Y0           DDRMC                        0.000     0.000 r  ps_block/axi_noc_0/inst/MC0_ddrc/inst/noc_ddr4_phy/inst/u_ddrmc_main/DMC2PHY_FIFO_RDEN[7]
                         net (fo=1, routed)           0.000     0.000    ps_block/axi_noc_0/inst/MC0_ddrc/inst/noc_ddr4_phy/inst/BANK_WRAPPER_INST0/FIFO_RDEN[7]
    XPHY_X8Y0            XPHY                                         r  ps_block/axi_noc_0/inst/MC0_ddrc/inst/noc_ddr4_phy/inst/BANK_WRAPPER_INST0/NIBBLE[7].UNISIM.I_XPHY/FIFO_RDEN
  -------------------------------------------------------------------    -------------------

                         (clock bank1_xpll0_fifo_rd_clk rise edge)
                                                      0.000     0.000 r  
    IOB_X14Y0                                         0.000     0.000 r  sys_clk_p (IN)
                         net (fo=0)                   0.000     0.000    ps_block/axi_noc_0/inst/MC0_ddrc/inst/noc_ddr4_phy/inst/sys_clk_p
    IOB_X14Y0            IBUFDS (Prop_DIFFRXTX_XPIOB_I_O)
                                                      0.303     0.303 r  ps_block/axi_noc_0/inst/MC0_ddrc/inst/noc_ddr4_phy/inst/u_SYS_CLK_O/O
                         net (fo=1, routed)           0.237     0.540    ps_block/axi_noc_0/inst/MC0_ddrc/inst/noc_ddr4_phy/inst/sys_clk_O
    XPLL_X2Y0            XPLL (Prop_XPLL_CLKIN_CLKOUT2)
                                                      0.431     0.971 r  ps_block/axi_noc_0/inst/MC0_ddrc/inst/noc_ddr4_phy/inst/u_xpll0_bank1/CLKOUT2
                         net (fo=21, routed)          0.125     1.096    ps_block/axi_noc_0/inst/MC0_ddrc/inst/noc_ddr4_phy/inst/BANK_WRAPPER_INST0/bank1_xpll0_fifo_rd_clk
    XPHY_X8Y0            XPHY                                         r  ps_block/axi_noc_0/inst/MC0_ddrc/inst/noc_ddr4_phy/inst/BANK_WRAPPER_INST0/NIBBLE[7].UNISIM.I_XPHY/FIFO_RD_CLK

Slack:                    inf
  Source:                 ps_block/axi_noc_0/inst/MC0_ddrc/inst/noc_ddr4_phy/inst/u_ddrmc_main/DMC2PHY_FIFO_RDEN[8]
                            (internal pin)
  Destination:            ps_block/axi_noc_0/inst/MC0_ddrc/inst/noc_ddr4_phy/inst/BANK_WRAPPER_INST0/NIBBLE[8].UNISIM.I_XPHY/FIFO_RDEN
                            (rising edge-triggered cell XPHY clocked by bank1_xpll0_fifo_rd_clk  {rise@0.000ns fall@0.625ns period=1.250ns})
  Path Group:             (none)
  Path Type:              Setup (Max at Slow Process Corner)
  Data Path Delay:        0.000ns  (logic 0.000ns (0.000%)  route 0.000ns (0.000%))
  Logic Levels:           0  
  Clock Uncertainty:      0.686ns  (CJ)/2 + PE + PJ
    Clock Jitter             (CJ):    0.852ns
    Phase Error              (PE):    0.120ns
    Phase Jitter             (PJ):    0.140ns

    Location             Delay type                Incr(ns)  Path(ns)    Netlist Resource(s)
  -------------------------------------------------------------------    -------------------
    DDRMC_X0Y0           DDRMC                        0.000     0.000 r  ps_block/axi_noc_0/inst/MC0_ddrc/inst/noc_ddr4_phy/inst/u_ddrmc_main/DMC2PHY_FIFO_RDEN[8]
                         net (fo=1, routed)           0.000     0.000    ps_block/axi_noc_0/inst/MC0_ddrc/inst/noc_ddr4_phy/inst/BANK_WRAPPER_INST0/FIFO_RDEN[8]
    XPHY_X4Y0            XPHY                                         r  ps_block/axi_noc_0/inst/MC0_ddrc/inst/noc_ddr4_phy/inst/BANK_WRAPPER_INST0/NIBBLE[8].UNISIM.I_XPHY/FIFO_RDEN
  -------------------------------------------------------------------    -------------------

                         (clock bank1_xpll0_fifo_rd_clk rise edge)
                                                      0.000     0.000 r  
    IOB_X14Y0                                         0.000     0.000 r  sys_clk_p (IN)
                         net (fo=0)                   0.000     0.000    ps_block/axi_noc_0/inst/MC0_ddrc/inst/noc_ddr4_phy/inst/sys_clk_p
    IOB_X14Y0            IBUFDS (Prop_DIFFRXTX_XPIOB_I_O)
                                                      0.303     0.303 r  ps_block/axi_noc_0/inst/MC0_ddrc/inst/noc_ddr4_phy/inst/u_SYS_CLK_O/O
                         net (fo=1, routed)           0.237     0.540    ps_block/axi_noc_0/inst/MC0_ddrc/inst/noc_ddr4_phy/inst/sys_clk_O
    XPLL_X2Y0            XPLL (Prop_XPLL_CLKIN_CLKOUT2)
                                                      0.431     0.971 r  ps_block/axi_noc_0/inst/MC0_ddrc/inst/noc_ddr4_phy/inst/u_xpll0_bank1/CLKOUT2
                         net (fo=21, routed)          0.123     1.094    ps_block/axi_noc_0/inst/MC0_ddrc/inst/noc_ddr4_phy/inst/BANK_WRAPPER_INST0/bank1_xpll0_fifo_rd_clk
    XPHY_X4Y0            XPHY                                         r  ps_block/axi_noc_0/inst/MC0_ddrc/inst/noc_ddr4_phy/inst/BANK_WRAPPER_INST0/NIBBLE[8].UNISIM.I_XPHY/FIFO_RD_CLK

Slack:                    inf
  Source:                 ps_block/axi_noc_0/inst/MC0_ddrc/inst/noc_ddr4_phy/inst/u_ddrmc_main/DMC2PHY_FIFO_RDEN[9]
                            (internal pin)
  Destination:            ps_block/axi_noc_0/inst/MC0_ddrc/inst/noc_ddr4_phy/inst/BANK_WRAPPER_INST1/NIBBLE[0].UNISIM.I_XPHY/FIFO_RDEN
                            (rising edge-triggered cell XPHY clocked by bank1_xpll0_fifo_rd_clk  {rise@0.000ns fall@0.625ns period=1.250ns})
  Path Group:             (none)
  Path Type:              Setup (Max at Slow Process Corner)
  Data Path Delay:        0.000ns  (logic 0.000ns (0.000%)  route 0.000ns (0.000%))
  Logic Levels:           0  
  Clock Uncertainty:      0.686ns  (CJ)/2 + PE + PJ
    Clock Jitter             (CJ):    0.852ns
    Phase Error              (PE):    0.120ns
    Phase Jitter             (PJ):    0.140ns

    Location             Delay type                Incr(ns)  Path(ns)    Netlist Resource(s)
  -------------------------------------------------------------------    -------------------
    DDRMC_X0Y0           DDRMC                        0.000     0.000 r  ps_block/axi_noc_0/inst/MC0_ddrc/inst/noc_ddr4_phy/inst/u_ddrmc_main/DMC2PHY_FIFO_RDEN[9]
                         net (fo=1, routed)           0.000     0.000    ps_block/axi_noc_0/inst/MC0_ddrc/inst/noc_ddr4_phy/inst/BANK_WRAPPER_INST1/FIFO_RDEN[0]
    XPHY_X9Y0            XPHY                                         r  ps_block/axi_noc_0/inst/MC0_ddrc/inst/noc_ddr4_phy/inst/BANK_WRAPPER_INST1/NIBBLE[0].UNISIM.I_XPHY/FIFO_RDEN
  -------------------------------------------------------------------    -------------------

                         (clock bank1_xpll0_fifo_rd_clk rise edge)
                                                      0.000     0.000 r  
    IOB_X14Y0                                         0.000     0.000 r  sys_clk_p (IN)
                         net (fo=0)                   0.000     0.000    ps_block/axi_noc_0/inst/MC0_ddrc/inst/noc_ddr4_phy/inst/sys_clk_p
    IOB_X14Y0            IBUFDS (Prop_DIFFRXTX_XPIOB_I_O)
                                                      0.303     0.303 r  ps_block/axi_noc_0/inst/MC0_ddrc/inst/noc_ddr4_phy/inst/u_SYS_CLK_O/O
                         net (fo=1, routed)           0.237     0.540    ps_block/axi_noc_0/inst/MC0_ddrc/inst/noc_ddr4_phy/inst/sys_clk_O
    XPLL_X2Y0            XPLL (Prop_XPLL_CLKIN_CLKOUT2)
                                                      0.431     0.971 r  ps_block/axi_noc_0/inst/MC0_ddrc/inst/noc_ddr4_phy/inst/u_xpll0_bank1/CLKOUT2
                         net (fo=21, routed)          0.121     1.092    ps_block/axi_noc_0/inst/MC0_ddrc/inst/noc_ddr4_phy/inst/BANK_WRAPPER_INST1/bank1_xpll0_fifo_rd_clk
    XPHY_X9Y0            XPHY                                         r  ps_block/axi_noc_0/inst/MC0_ddrc/inst/noc_ddr4_phy/inst/BANK_WRAPPER_INST1/NIBBLE[0].UNISIM.I_XPHY/FIFO_RD_CLK





Min Delay Paths
--------------------------------------------------------------------------------------
Slack:                    inf
  Source:                 ps_block/axi_noc_0/inst/MC0_ddrc/inst/noc_ddr4_phy/inst/u_ddrmc_main/DMC2PHY_FIFO_RDEN[0]
                            (internal pin)
  Destination:            ps_block/axi_noc_0/inst/MC0_ddrc/inst/noc_ddr4_phy/inst/BANK_WRAPPER_INST0/NIBBLE[0].UNISIM.I_XPHY/FIFO_RDEN
                            (rising edge-triggered cell XPHY clocked by bank1_xpll0_fifo_rd_clk  {rise@0.000ns fall@0.625ns period=1.250ns})
  Path Group:             (none)
  Path Type:              Hold (Min at Slow Process Corner)
  Data Path Delay:        0.000ns  (logic 0.000ns (0.000%)  route 0.000ns (0.000%))
  Logic Levels:           0  
  Clock Uncertainty:      0.686ns  (CJ)/2 + PE + PJ
    Clock Jitter             (CJ):    0.852ns
    Phase Error              (PE):    0.120ns
    Phase Jitter             (PJ):    0.140ns

    Location             Delay type                Incr(ns)  Path(ns)    Netlist Resource(s)
  -------------------------------------------------------------------    -------------------
    DDRMC_X0Y0           DDRMC                        0.000     0.000 r  ps_block/axi_noc_0/inst/MC0_ddrc/inst/noc_ddr4_phy/inst/u_ddrmc_main/DMC2PHY_FIFO_RDEN[0]
                         net (fo=1, routed)           0.000     0.000    ps_block/axi_noc_0/inst/MC0_ddrc/inst/noc_ddr4_phy/inst/BANK_WRAPPER_INST0/FIFO_RDEN[0]
    XPHY_X0Y0            XPHY                                         r  ps_block/axi_noc_0/inst/MC0_ddrc/inst/noc_ddr4_phy/inst/BANK_WRAPPER_INST0/NIBBLE[0].UNISIM.I_XPHY/FIFO_RDEN
  -------------------------------------------------------------------    -------------------

                         (clock bank1_xpll0_fifo_rd_clk rise edge)
                                                      0.000     0.000 r  
    IOB_X14Y0                                         0.000     0.000 r  sys_clk_p (IN)
                         net (fo=0)                   0.000     0.000    ps_block/axi_noc_0/inst/MC0_ddrc/inst/noc_ddr4_phy/inst/sys_clk_p
    IOB_X14Y0            IBUFDS (Prop_DIFFRXTX_XPIOB_I_O)
                                                      0.401     0.401 r  ps_block/axi_noc_0/inst/MC0_ddrc/inst/noc_ddr4_phy/inst/u_SYS_CLK_O/O
                         net (fo=1, routed)           0.324     0.725    ps_block/axi_noc_0/inst/MC0_ddrc/inst/noc_ddr4_phy/inst/sys_clk_O
    XPLL_X2Y0            XPLL (Prop_XPLL_CLKIN_CLKOUT2)
                                                      0.446     1.171 r  ps_block/axi_noc_0/inst/MC0_ddrc/inst/noc_ddr4_phy/inst/u_xpll0_bank1/CLKOUT2
                         net (fo=21, routed)          0.184     1.355    ps_block/axi_noc_0/inst/MC0_ddrc/inst/noc_ddr4_phy/inst/BANK_WRAPPER_INST0/bank1_xpll0_fifo_rd_clk
    XPHY_X0Y0            XPHY                                         r  ps_block/axi_noc_0/inst/MC0_ddrc/inst/noc_ddr4_phy/inst/BANK_WRAPPER_INST0/NIBBLE[0].UNISIM.I_XPHY/FIFO_RD_CLK

Slack:                    inf
  Source:                 ps_block/axi_noc_0/inst/MC0_ddrc/inst/noc_ddr4_phy/inst/u_ddrmc_main/DMC2PHY_FIFO_RDEN[1]
                            (internal pin)
  Destination:            ps_block/axi_noc_0/inst/MC0_ddrc/inst/noc_ddr4_phy/inst/BANK_WRAPPER_INST0/NIBBLE[1].UNISIM.I_XPHY/FIFO_RDEN
                            (rising edge-triggered cell XPHY clocked by bank1_xpll0_fifo_rd_clk  {rise@0.000ns fall@0.625ns period=1.250ns})
  Path Group:             (none)
  Path Type:              Hold (Min at Slow Process Corner)
  Data Path Delay:        0.000ns  (logic 0.000ns (0.000%)  route 0.000ns (0.000%))
  Logic Levels:           0  
  Clock Uncertainty:      0.686ns  (CJ)/2 + PE + PJ
    Clock Jitter             (CJ):    0.852ns
    Phase Error              (PE):    0.120ns
    Phase Jitter             (PJ):    0.140ns

    Location             Delay type                Incr(ns)  Path(ns)    Netlist Resource(s)
  -------------------------------------------------------------------    -------------------
    DDRMC_X0Y0           DDRMC                        0.000     0.000 r  ps_block/axi_noc_0/inst/MC0_ddrc/inst/noc_ddr4_phy/inst/u_ddrmc_main/DMC2PHY_FIFO_RDEN[1]
                         net (fo=1, routed)           0.000     0.000    ps_block/axi_noc_0/inst/MC0_ddrc/inst/noc_ddr4_phy/inst/BANK_WRAPPER_INST0/FIFO_RDEN[1]
    XPHY_X1Y0            XPHY                                         r  ps_block/axi_noc_0/inst/MC0_ddrc/inst/noc_ddr4_phy/inst/BANK_WRAPPER_INST0/NIBBLE[1].UNISIM.I_XPHY/FIFO_RDEN
  -------------------------------------------------------------------    -------------------

                         (clock bank1_xpll0_fifo_rd_clk rise edge)
                                                      0.000     0.000 r  
    IOB_X14Y0                                         0.000     0.000 r  sys_clk_p (IN)
                         net (fo=0)                   0.000     0.000    ps_block/axi_noc_0/inst/MC0_ddrc/inst/noc_ddr4_phy/inst/sys_clk_p
    IOB_X14Y0            IBUFDS (Prop_DIFFRXTX_XPIOB_I_O)
                                                      0.401     0.401 r  ps_block/axi_noc_0/inst/MC0_ddrc/inst/noc_ddr4_phy/inst/u_SYS_CLK_O/O
                         net (fo=1, routed)           0.324     0.725    ps_block/axi_noc_0/inst/MC0_ddrc/inst/noc_ddr4_phy/inst/sys_clk_O
    XPLL_X2Y0            XPLL (Prop_XPLL_CLKIN_CLKOUT2)
                                                      0.446     1.171 r  ps_block/axi_noc_0/inst/MC0_ddrc/inst/noc_ddr4_phy/inst/u_xpll0_bank1/CLKOUT2
                         net (fo=21, routed)          0.183     1.354    ps_block/axi_noc_0/inst/MC0_ddrc/inst/noc_ddr4_phy/inst/BANK_WRAPPER_INST0/bank1_xpll0_fifo_rd_clk
    XPHY_X1Y0            XPHY                                         r  ps_block/axi_noc_0/inst/MC0_ddrc/inst/noc_ddr4_phy/inst/BANK_WRAPPER_INST0/NIBBLE[1].UNISIM.I_XPHY/FIFO_RD_CLK

Slack:                    inf
  Source:                 ps_block/axi_noc_0/inst/MC0_ddrc/inst/noc_ddr4_phy/inst/u_ddrmc_main/DMC2PHY_FIFO_RDEN[2]
                            (internal pin)
  Destination:            ps_block/axi_noc_0/inst/MC0_ddrc/inst/noc_ddr4_phy/inst/BANK_WRAPPER_INST0/NIBBLE[2].UNISIM.I_XPHY/FIFO_RDEN
                            (rising edge-triggered cell XPHY clocked by bank1_xpll0_fifo_rd_clk  {rise@0.000ns fall@0.625ns period=1.250ns})
  Path Group:             (none)
  Path Type:              Hold (Min at Slow Process Corner)
  Data Path Delay:        0.000ns  (logic 0.000ns (0.000%)  route 0.000ns (0.000%))
  Logic Levels:           0  
  Clock Uncertainty:      0.686ns  (CJ)/2 + PE + PJ
    Clock Jitter             (CJ):    0.852ns
    Phase Error              (PE):    0.120ns
    Phase Jitter             (PJ):    0.140ns

    Location             Delay type                Incr(ns)  Path(ns)    Netlist Resource(s)
  -------------------------------------------------------------------    -------------------
    DDRMC_X0Y0           DDRMC                        0.000     0.000 r  ps_block/axi_noc_0/inst/MC0_ddrc/inst/noc_ddr4_phy/inst/u_ddrmc_main/DMC2PHY_FIFO_RDEN[2]
                         net (fo=1, routed)           0.000     0.000    ps_block/axi_noc_0/inst/MC0_ddrc/inst/noc_ddr4_phy/inst/BANK_WRAPPER_INST0/FIFO_RDEN[2]
    XPHY_X2Y0            XPHY                                         r  ps_block/axi_noc_0/inst/MC0_ddrc/inst/noc_ddr4_phy/inst/BANK_WRAPPER_INST0/NIBBLE[2].UNISIM.I_XPHY/FIFO_RDEN
  -------------------------------------------------------------------    -------------------

                         (clock bank1_xpll0_fifo_rd_clk rise edge)
                                                      0.000     0.000 r  
    IOB_X14Y0                                         0.000     0.000 r  sys_clk_p (IN)
                         net (fo=0)                   0.000     0.000    ps_block/axi_noc_0/inst/MC0_ddrc/inst/noc_ddr4_phy/inst/sys_clk_p
    IOB_X14Y0            IBUFDS (Prop_DIFFRXTX_XPIOB_I_O)
                                                      0.401     0.401 r  ps_block/axi_noc_0/inst/MC0_ddrc/inst/noc_ddr4_phy/inst/u_SYS_CLK_O/O
                         net (fo=1, routed)           0.324     0.725    ps_block/axi_noc_0/inst/MC0_ddrc/inst/noc_ddr4_phy/inst/sys_clk_O
    XPLL_X2Y0            XPLL (Prop_XPLL_CLKIN_CLKOUT2)
                                                      0.446     1.171 r  ps_block/axi_noc_0/inst/MC0_ddrc/inst/noc_ddr4_phy/inst/u_xpll0_bank1/CLKOUT2
                         net (fo=21, routed)          0.183     1.354    ps_block/axi_noc_0/inst/MC0_ddrc/inst/noc_ddr4_phy/inst/BANK_WRAPPER_INST0/bank1_xpll0_fifo_rd_clk
    XPHY_X2Y0            XPHY                                         r  ps_block/axi_noc_0/inst/MC0_ddrc/inst/noc_ddr4_phy/inst/BANK_WRAPPER_INST0/NIBBLE[2].UNISIM.I_XPHY/FIFO_RD_CLK

Slack:                    inf
  Source:                 ps_block/axi_noc_0/inst/MC0_ddrc/inst/noc_ddr4_phy/inst/u_ddrmc_main/DMC2PHY_FIFO_RDEN[3]
                            (internal pin)
  Destination:            ps_block/axi_noc_0/inst/MC0_ddrc/inst/noc_ddr4_phy/inst/BANK_WRAPPER_INST0/NIBBLE[3].UNISIM.I_XPHY/FIFO_RDEN
                            (rising edge-triggered cell XPHY clocked by bank1_xpll0_fifo_rd_clk  {rise@0.000ns fall@0.625ns period=1.250ns})
  Path Group:             (none)
  Path Type:              Hold (Min at Slow Process Corner)
  Data Path Delay:        0.000ns  (logic 0.000ns (0.000%)  route 0.000ns (0.000%))
  Logic Levels:           0  
  Clock Uncertainty:      0.686ns  (CJ)/2 + PE + PJ
    Clock Jitter             (CJ):    0.852ns
    Phase Error              (PE):    0.120ns
    Phase Jitter             (PJ):    0.140ns

    Location             Delay type                Incr(ns)  Path(ns)    Netlist Resource(s)
  -------------------------------------------------------------------    -------------------
    DDRMC_X0Y0           DDRMC                        0.000     0.000 r  ps_block/axi_noc_0/inst/MC0_ddrc/inst/noc_ddr4_phy/inst/u_ddrmc_main/DMC2PHY_FIFO_RDEN[3]
                         net (fo=1, routed)           0.000     0.000    ps_block/axi_noc_0/inst/MC0_ddrc/inst/noc_ddr4_phy/inst/BANK_WRAPPER_INST0/FIFO_RDEN[3]
    XPHY_X3Y0            XPHY                                         r  ps_block/axi_noc_0/inst/MC0_ddrc/inst/noc_ddr4_phy/inst/BANK_WRAPPER_INST0/NIBBLE[3].UNISIM.I_XPHY/FIFO_RDEN
  -------------------------------------------------------------------    -------------------

                         (clock bank1_xpll0_fifo_rd_clk rise edge)
                                                      0.000     0.000 r  
    IOB_X14Y0                                         0.000     0.000 r  sys_clk_p (IN)
                         net (fo=0)                   0.000     0.000    ps_block/axi_noc_0/inst/MC0_ddrc/inst/noc_ddr4_phy/inst/sys_clk_p
    IOB_X14Y0            IBUFDS (Prop_DIFFRXTX_XPIOB_I_O)
                                                      0.401     0.401 r  ps_block/axi_noc_0/inst/MC0_ddrc/inst/noc_ddr4_phy/inst/u_SYS_CLK_O/O
                         net (fo=1, routed)           0.324     0.725    ps_block/axi_noc_0/inst/MC0_ddrc/inst/noc_ddr4_phy/inst/sys_clk_O
    XPLL_X2Y0            XPLL (Prop_XPLL_CLKIN_CLKOUT2)
                                                      0.446     1.171 r  ps_block/axi_noc_0/inst/MC0_ddrc/inst/noc_ddr4_phy/inst/u_xpll0_bank1/CLKOUT2
                         net (fo=21, routed)          0.182     1.353    ps_block/axi_noc_0/inst/MC0_ddrc/inst/noc_ddr4_phy/inst/BANK_WRAPPER_INST0/bank1_xpll0_fifo_rd_clk
    XPHY_X3Y0            XPHY                                         r  ps_block/axi_noc_0/inst/MC0_ddrc/inst/noc_ddr4_phy/inst/BANK_WRAPPER_INST0/NIBBLE[3].UNISIM.I_XPHY/FIFO_RD_CLK

Slack:                    inf
  Source:                 ps_block/axi_noc_0/inst/MC0_ddrc/inst/noc_ddr4_phy/inst/u_ddrmc_main/DMC2PHY_FIFO_RDEN[4]
                            (internal pin)
  Destination:            ps_block/axi_noc_0/inst/MC0_ddrc/inst/noc_ddr4_phy/inst/BANK_WRAPPER_INST0/NIBBLE[4].UNISIM.I_XPHY/FIFO_RDEN
                            (rising edge-triggered cell XPHY clocked by bank1_xpll0_fifo_rd_clk  {rise@0.000ns fall@0.625ns period=1.250ns})
  Path Group:             (none)
  Path Type:              Hold (Min at Slow Process Corner)
  Data Path Delay:        0.000ns  (logic 0.000ns (0.000%)  route 0.000ns (0.000%))
  Logic Levels:           0  
  Clock Uncertainty:      0.686ns  (CJ)/2 + PE + PJ
    Clock Jitter             (CJ):    0.852ns
    Phase Error              (PE):    0.120ns
    Phase Jitter             (PJ):    0.140ns

    Location             Delay type                Incr(ns)  Path(ns)    Netlist Resource(s)
  -------------------------------------------------------------------    -------------------
    DDRMC_X0Y0           DDRMC                        0.000     0.000 r  ps_block/axi_noc_0/inst/MC0_ddrc/inst/noc_ddr4_phy/inst/u_ddrmc_main/DMC2PHY_FIFO_RDEN[4]
                         net (fo=1, routed)           0.000     0.000    ps_block/axi_noc_0/inst/MC0_ddrc/inst/noc_ddr4_phy/inst/BANK_WRAPPER_INST0/FIFO_RDEN[4]
    XPHY_X5Y0            XPHY                                         r  ps_block/axi_noc_0/inst/MC0_ddrc/inst/noc_ddr4_phy/inst/BANK_WRAPPER_INST0/NIBBLE[4].UNISIM.I_XPHY/FIFO_RDEN
  -------------------------------------------------------------------    -------------------

                         (clock bank1_xpll0_fifo_rd_clk rise edge)
                                                      0.000     0.000 r  
    IOB_X14Y0                                         0.000     0.000 r  sys_clk_p (IN)
                         net (fo=0)                   0.000     0.000    ps_block/axi_noc_0/inst/MC0_ddrc/inst/noc_ddr4_phy/inst/sys_clk_p
    IOB_X14Y0            IBUFDS (Prop_DIFFRXTX_XPIOB_I_O)
                                                      0.401     0.401 r  ps_block/axi_noc_0/inst/MC0_ddrc/inst/noc_ddr4_phy/inst/u_SYS_CLK_O/O
                         net (fo=1, routed)           0.324     0.725    ps_block/axi_noc_0/inst/MC0_ddrc/inst/noc_ddr4_phy/inst/sys_clk_O
    XPLL_X2Y0            XPLL (Prop_XPLL_CLKIN_CLKOUT2)
                                                      0.446     1.171 r  ps_block/axi_noc_0/inst/MC0_ddrc/inst/noc_ddr4_phy/inst/u_xpll0_bank1/CLKOUT2
                         net (fo=21, routed)          0.186     1.357    ps_block/axi_noc_0/inst/MC0_ddrc/inst/noc_ddr4_phy/inst/BANK_WRAPPER_INST0/bank1_xpll0_fifo_rd_clk
    XPHY_X5Y0            XPHY                                         r  ps_block/axi_noc_0/inst/MC0_ddrc/inst/noc_ddr4_phy/inst/BANK_WRAPPER_INST0/NIBBLE[4].UNISIM.I_XPHY/FIFO_RD_CLK

Slack:                    inf
  Source:                 ps_block/axi_noc_0/inst/MC0_ddrc/inst/noc_ddr4_phy/inst/u_ddrmc_main/DMC2PHY_FIFO_RDEN[5]
                            (internal pin)
  Destination:            ps_block/axi_noc_0/inst/MC0_ddrc/inst/noc_ddr4_phy/inst/BANK_WRAPPER_INST0/NIBBLE[5].UNISIM.I_XPHY/FIFO_RDEN
                            (rising edge-triggered cell XPHY clocked by bank1_xpll0_fifo_rd_clk  {rise@0.000ns fall@0.625ns period=1.250ns})
  Path Group:             (none)
  Path Type:              Hold (Min at Slow Process Corner)
  Data Path Delay:        0.000ns  (logic 0.000ns (0.000%)  route 0.000ns (0.000%))
  Logic Levels:           0  
  Clock Uncertainty:      0.686ns  (CJ)/2 + PE + PJ
    Clock Jitter             (CJ):    0.852ns
    Phase Error              (PE):    0.120ns
    Phase Jitter             (PJ):    0.140ns

    Location             Delay type                Incr(ns)  Path(ns)    Netlist Resource(s)
  -------------------------------------------------------------------    -------------------
    DDRMC_X0Y0           DDRMC                        0.000     0.000 r  ps_block/axi_noc_0/inst/MC0_ddrc/inst/noc_ddr4_phy/inst/u_ddrmc_main/DMC2PHY_FIFO_RDEN[5]
                         net (fo=1, routed)           0.000     0.000    ps_block/axi_noc_0/inst/MC0_ddrc/inst/noc_ddr4_phy/inst/BANK_WRAPPER_INST0/FIFO_RDEN[5]
    XPHY_X6Y0            XPHY                                         r  ps_block/axi_noc_0/inst/MC0_ddrc/inst/noc_ddr4_phy/inst/BANK_WRAPPER_INST0/NIBBLE[5].UNISIM.I_XPHY/FIFO_RDEN
  -------------------------------------------------------------------    -------------------

                         (clock bank1_xpll0_fifo_rd_clk rise edge)
                                                      0.000     0.000 r  
    IOB_X14Y0                                         0.000     0.000 r  sys_clk_p (IN)
                         net (fo=0)                   0.000     0.000    ps_block/axi_noc_0/inst/MC0_ddrc/inst/noc_ddr4_phy/inst/sys_clk_p
    IOB_X14Y0            IBUFDS (Prop_DIFFRXTX_XPIOB_I_O)
                                                      0.401     0.401 r  ps_block/axi_noc_0/inst/MC0_ddrc/inst/noc_ddr4_phy/inst/u_SYS_CLK_O/O
                         net (fo=1, routed)           0.324     0.725    ps_block/axi_noc_0/inst/MC0_ddrc/inst/noc_ddr4_phy/inst/sys_clk_O
    XPLL_X2Y0            XPLL (Prop_XPLL_CLKIN_CLKOUT2)
                                                      0.446     1.171 r  ps_block/axi_noc_0/inst/MC0_ddrc/inst/noc_ddr4_phy/inst/u_xpll0_bank1/CLKOUT2
                         net (fo=21, routed)          0.187     1.358    ps_block/axi_noc_0/inst/MC0_ddrc/inst/noc_ddr4_phy/inst/BANK_WRAPPER_INST0/bank1_xpll0_fifo_rd_clk
    XPHY_X6Y0            XPHY                                         r  ps_block/axi_noc_0/inst/MC0_ddrc/inst/noc_ddr4_phy/inst/BANK_WRAPPER_INST0/NIBBLE[5].UNISIM.I_XPHY/FIFO_RD_CLK

Slack:                    inf
  Source:                 ps_block/axi_noc_0/inst/MC0_ddrc/inst/noc_ddr4_phy/inst/u_ddrmc_main/DMC2PHY_FIFO_RDEN[6]
                            (internal pin)
  Destination:            ps_block/axi_noc_0/inst/MC0_ddrc/inst/noc_ddr4_phy/inst/BANK_WRAPPER_INST0/NIBBLE[6].UNISIM.I_XPHY/FIFO_RDEN
                            (rising edge-triggered cell XPHY clocked by bank1_xpll0_fifo_rd_clk  {rise@0.000ns fall@0.625ns period=1.250ns})
  Path Group:             (none)
  Path Type:              Hold (Min at Slow Process Corner)
  Data Path Delay:        0.000ns  (logic 0.000ns (0.000%)  route 0.000ns (0.000%))
  Logic Levels:           0  
  Clock Uncertainty:      0.686ns  (CJ)/2 + PE + PJ
    Clock Jitter             (CJ):    0.852ns
    Phase Error              (PE):    0.120ns
    Phase Jitter             (PJ):    0.140ns

    Location             Delay type                Incr(ns)  Path(ns)    Netlist Resource(s)
  -------------------------------------------------------------------    -------------------
    DDRMC_X0Y0           DDRMC                        0.000     0.000 r  ps_block/axi_noc_0/inst/MC0_ddrc/inst/noc_ddr4_phy/inst/u_ddrmc_main/DMC2PHY_FIFO_RDEN[6]
                         net (fo=1, routed)           0.000     0.000    ps_block/axi_noc_0/inst/MC0_ddrc/inst/noc_ddr4_phy/inst/BANK_WRAPPER_INST0/FIFO_RDEN[6]
    XPHY_X7Y0            XPHY                                         r  ps_block/axi_noc_0/inst/MC0_ddrc/inst/noc_ddr4_phy/inst/BANK_WRAPPER_INST0/NIBBLE[6].UNISIM.I_XPHY/FIFO_RDEN
  -------------------------------------------------------------------    -------------------

                         (clock bank1_xpll0_fifo_rd_clk rise edge)
                                                      0.000     0.000 r  
    IOB_X14Y0                                         0.000     0.000 r  sys_clk_p (IN)
                         net (fo=0)                   0.000     0.000    ps_block/axi_noc_0/inst/MC0_ddrc/inst/noc_ddr4_phy/inst/sys_clk_p
    IOB_X14Y0            IBUFDS (Prop_DIFFRXTX_XPIOB_I_O)
                                                      0.401     0.401 r  ps_block/axi_noc_0/inst/MC0_ddrc/inst/noc_ddr4_phy/inst/u_SYS_CLK_O/O
                         net (fo=1, routed)           0.324     0.725    ps_block/axi_noc_0/inst/MC0_ddrc/inst/noc_ddr4_phy/inst/sys_clk_O
    XPLL_X2Y0            XPLL (Prop_XPLL_CLKIN_CLKOUT2)
                                                      0.446     1.171 r  ps_block/axi_noc_0/inst/MC0_ddrc/inst/noc_ddr4_phy/inst/u_xpll0_bank1/CLKOUT2
                         net (fo=21, routed)          0.188     1.359    ps_block/axi_noc_0/inst/MC0_ddrc/inst/noc_ddr4_phy/inst/BANK_WRAPPER_INST0/bank1_xpll0_fifo_rd_clk
    XPHY_X7Y0            XPHY                                         r  ps_block/axi_noc_0/inst/MC0_ddrc/inst/noc_ddr4_phy/inst/BANK_WRAPPER_INST0/NIBBLE[6].UNISIM.I_XPHY/FIFO_RD_CLK

Slack:                    inf
  Source:                 ps_block/axi_noc_0/inst/MC0_ddrc/inst/noc_ddr4_phy/inst/u_ddrmc_main/DMC2PHY_FIFO_RDEN[7]
                            (internal pin)
  Destination:            ps_block/axi_noc_0/inst/MC0_ddrc/inst/noc_ddr4_phy/inst/BANK_WRAPPER_INST0/NIBBLE[7].UNISIM.I_XPHY/FIFO_RDEN
                            (rising edge-triggered cell XPHY clocked by bank1_xpll0_fifo_rd_clk  {rise@0.000ns fall@0.625ns period=1.250ns})
  Path Group:             (none)
  Path Type:              Hold (Min at Slow Process Corner)
  Data Path Delay:        0.000ns  (logic 0.000ns (0.000%)  route 0.000ns (0.000%))
  Logic Levels:           0  
  Clock Uncertainty:      0.686ns  (CJ)/2 + PE + PJ
    Clock Jitter             (CJ):    0.852ns
    Phase Error              (PE):    0.120ns
    Phase Jitter             (PJ):    0.140ns

    Location             Delay type                Incr(ns)  Path(ns)    Netlist Resource(s)
  -------------------------------------------------------------------    -------------------
    DDRMC_X0Y0           DDRMC                        0.000     0.000 r  ps_block/axi_noc_0/inst/MC0_ddrc/inst/noc_ddr4_phy/inst/u_ddrmc_main/DMC2PHY_FIFO_RDEN[7]
                         net (fo=1, routed)           0.000     0.000    ps_block/axi_noc_0/inst/MC0_ddrc/inst/noc_ddr4_phy/inst/BANK_WRAPPER_INST0/FIFO_RDEN[7]
    XPHY_X8Y0            XPHY                                         r  ps_block/axi_noc_0/inst/MC0_ddrc/inst/noc_ddr4_phy/inst/BANK_WRAPPER_INST0/NIBBLE[7].UNISIM.I_XPHY/FIFO_RDEN
  -------------------------------------------------------------------    -------------------

                         (clock bank1_xpll0_fifo_rd_clk rise edge)
                                                      0.000     0.000 r  
    IOB_X14Y0                                         0.000     0.000 r  sys_clk_p (IN)
                         net (fo=0)                   0.000     0.000    ps_block/axi_noc_0/inst/MC0_ddrc/inst/noc_ddr4_phy/inst/sys_clk_p
    IOB_X14Y0            IBUFDS (Prop_DIFFRXTX_XPIOB_I_O)
                                                      0.401     0.401 r  ps_block/axi_noc_0/inst/MC0_ddrc/inst/noc_ddr4_phy/inst/u_SYS_CLK_O/O
                         net (fo=1, routed)           0.324     0.725    ps_block/axi_noc_0/inst/MC0_ddrc/inst/noc_ddr4_phy/inst/sys_clk_O
    XPLL_X2Y0            XPLL (Prop_XPLL_CLKIN_CLKOUT2)
                                                      0.446     1.171 r  ps_block/axi_noc_0/inst/MC0_ddrc/inst/noc_ddr4_phy/inst/u_xpll0_bank1/CLKOUT2
                         net (fo=21, routed)          0.188     1.359    ps_block/axi_noc_0/inst/MC0_ddrc/inst/noc_ddr4_phy/inst/BANK_WRAPPER_INST0/bank1_xpll0_fifo_rd_clk
    XPHY_X8Y0            XPHY                                         r  ps_block/axi_noc_0/inst/MC0_ddrc/inst/noc_ddr4_phy/inst/BANK_WRAPPER_INST0/NIBBLE[7].UNISIM.I_XPHY/FIFO_RD_CLK

Slack:                    inf
  Source:                 ps_block/axi_noc_0/inst/MC0_ddrc/inst/noc_ddr4_phy/inst/u_ddrmc_main/DMC2PHY_FIFO_RDEN[8]
                            (internal pin)
  Destination:            ps_block/axi_noc_0/inst/MC0_ddrc/inst/noc_ddr4_phy/inst/BANK_WRAPPER_INST0/NIBBLE[8].UNISIM.I_XPHY/FIFO_RDEN
                            (rising edge-triggered cell XPHY clocked by bank1_xpll0_fifo_rd_clk  {rise@0.000ns fall@0.625ns period=1.250ns})
  Path Group:             (none)
  Path Type:              Hold (Min at Slow Process Corner)
  Data Path Delay:        0.000ns  (logic 0.000ns (0.000%)  route 0.000ns (0.000%))
  Logic Levels:           0  
  Clock Uncertainty:      0.686ns  (CJ)/2 + PE + PJ
    Clock Jitter             (CJ):    0.852ns
    Phase Error              (PE):    0.120ns
    Phase Jitter             (PJ):    0.140ns

    Location             Delay type                Incr(ns)  Path(ns)    Netlist Resource(s)
  -------------------------------------------------------------------    -------------------
    DDRMC_X0Y0           DDRMC                        0.000     0.000 r  ps_block/axi_noc_0/inst/MC0_ddrc/inst/noc_ddr4_phy/inst/u_ddrmc_main/DMC2PHY_FIFO_RDEN[8]
                         net (fo=1, routed)           0.000     0.000    ps_block/axi_noc_0/inst/MC0_ddrc/inst/noc_ddr4_phy/inst/BANK_WRAPPER_INST0/FIFO_RDEN[8]
    XPHY_X4Y0            XPHY                                         r  ps_block/axi_noc_0/inst/MC0_ddrc/inst/noc_ddr4_phy/inst/BANK_WRAPPER_INST0/NIBBLE[8].UNISIM.I_XPHY/FIFO_RDEN
  -------------------------------------------------------------------    -------------------

                         (clock bank1_xpll0_fifo_rd_clk rise edge)
                                                      0.000     0.000 r  
    IOB_X14Y0                                         0.000     0.000 r  sys_clk_p (IN)
                         net (fo=0)                   0.000     0.000    ps_block/axi_noc_0/inst/MC0_ddrc/inst/noc_ddr4_phy/inst/sys_clk_p
    IOB_X14Y0            IBUFDS (Prop_DIFFRXTX_XPIOB_I_O)
                                                      0.401     0.401 r  ps_block/axi_noc_0/inst/MC0_ddrc/inst/noc_ddr4_phy/inst/u_SYS_CLK_O/O
                         net (fo=1, routed)           0.324     0.725    ps_block/axi_noc_0/inst/MC0_ddrc/inst/noc_ddr4_phy/inst/sys_clk_O
    XPLL_X2Y0            XPLL (Prop_XPLL_CLKIN_CLKOUT2)
                                                      0.446     1.171 r  ps_block/axi_noc_0/inst/MC0_ddrc/inst/noc_ddr4_phy/inst/u_xpll0_bank1/CLKOUT2
                         net (fo=21, routed)          0.185     1.356    ps_block/axi_noc_0/inst/MC0_ddrc/inst/noc_ddr4_phy/inst/BANK_WRAPPER_INST0/bank1_xpll0_fifo_rd_clk
    XPHY_X4Y0            XPHY                                         r  ps_block/axi_noc_0/inst/MC0_ddrc/inst/noc_ddr4_phy/inst/BANK_WRAPPER_INST0/NIBBLE[8].UNISIM.I_XPHY/FIFO_RD_CLK

Slack:                    inf
  Source:                 ps_block/axi_noc_0/inst/MC0_ddrc/inst/noc_ddr4_phy/inst/u_ddrmc_main/DMC2PHY_FIFO_RDEN[9]
                            (internal pin)
  Destination:            ps_block/axi_noc_0/inst/MC0_ddrc/inst/noc_ddr4_phy/inst/BANK_WRAPPER_INST1/NIBBLE[0].UNISIM.I_XPHY/FIFO_RDEN
                            (rising edge-triggered cell XPHY clocked by bank1_xpll0_fifo_rd_clk  {rise@0.000ns fall@0.625ns period=1.250ns})
  Path Group:             (none)
  Path Type:              Hold (Min at Slow Process Corner)
  Data Path Delay:        0.000ns  (logic 0.000ns (0.000%)  route 0.000ns (0.000%))
  Logic Levels:           0  
  Clock Uncertainty:      0.686ns  (CJ)/2 + PE + PJ
    Clock Jitter             (CJ):    0.852ns
    Phase Error              (PE):    0.120ns
    Phase Jitter             (PJ):    0.140ns

    Location             Delay type                Incr(ns)  Path(ns)    Netlist Resource(s)
  -------------------------------------------------------------------    -------------------
    DDRMC_X0Y0           DDRMC                        0.000     0.000 r  ps_block/axi_noc_0/inst/MC0_ddrc/inst/noc_ddr4_phy/inst/u_ddrmc_main/DMC2PHY_FIFO_RDEN[9]
                         net (fo=1, routed)           0.000     0.000    ps_block/axi_noc_0/inst/MC0_ddrc/inst/noc_ddr4_phy/inst/BANK_WRAPPER_INST1/FIFO_RDEN[0]
    XPHY_X9Y0            XPHY                                         r  ps_block/axi_noc_0/inst/MC0_ddrc/inst/noc_ddr4_phy/inst/BANK_WRAPPER_INST1/NIBBLE[0].UNISIM.I_XPHY/FIFO_RDEN
  -------------------------------------------------------------------    -------------------

                         (clock bank1_xpll0_fifo_rd_clk rise edge)
                                                      0.000     0.000 r  
    IOB_X14Y0                                         0.000     0.000 r  sys_clk_p (IN)
                         net (fo=0)                   0.000     0.000    ps_block/axi_noc_0/inst/MC0_ddrc/inst/noc_ddr4_phy/inst/sys_clk_p
    IOB_X14Y0            IBUFDS (Prop_DIFFRXTX_XPIOB_I_O)
                                                      0.401     0.401 r  ps_block/axi_noc_0/inst/MC0_ddrc/inst/noc_ddr4_phy/inst/u_SYS_CLK_O/O
                         net (fo=1, routed)           0.324     0.725    ps_block/axi_noc_0/inst/MC0_ddrc/inst/noc_ddr4_phy/inst/sys_clk_O
    XPLL_X2Y0            XPLL (Prop_XPLL_CLKIN_CLKOUT2)
                                                      0.446     1.171 r  ps_block/axi_noc_0/inst/MC0_ddrc/inst/noc_ddr4_phy/inst/u_xpll0_bank1/CLKOUT2
                         net (fo=21, routed)          0.179     1.350    ps_block/axi_noc_0/inst/MC0_ddrc/inst/noc_ddr4_phy/inst/BANK_WRAPPER_INST1/bank1_xpll0_fifo_rd_clk
    XPHY_X9Y0            XPHY                                         r  ps_block/axi_noc_0/inst/MC0_ddrc/inst/noc_ddr4_phy/inst/BANK_WRAPPER_INST1/NIBBLE[0].UNISIM.I_XPHY/FIFO_RD_CLK





